Starting process... (DRY_RUN=True)

Processing directory: ./icon
  RENAME: 0666_15.png -> 0666-15.png
  RENAME: 0869_59.png -> 0869-59.png
  RENAME: 0150_mega-x.png -> 0150-mega-x.png
  RENAME: 0774_orange.png -> 0774-orange.png
  RENAME: 0201_f.png -> 0201-f.png
  RENAME: 0493_18.png -> 0493-18.png
  RENAME: 0201_q.png -> 0201-q.png
  RENAME: 0386_defense.png -> 0386-defense.png
  RENAME: 0670_white.png -> 0670-white.png
  RENAME: 0025_15.png -> 0025-15.png
  RENAME: 0351_rainy.png -> 0351-rainy.png
  RENAME: 0773_6.png -> 0773-6.png
  RENAME: 0773_7.png -> 0773-7.png
  RENAME: 0025_14.png -> 0025-14.png
  RENAME: 0745_midnight.png -> 0745-midnight.png
  RENAME: 0201_p.png -> 0201-p.png
  RENAME: 0201_g.png -> 0201-g.png
  RENAME: 0670_red.png -> 0670-red.png
  RENAME: 0306_mega.png -> 0306-mega.png
  RENAME: 0150_mega-y.png -> 0150-mega-y.png
  RENAME: 0586_spring.png -> 0586-spring.png
  RENAME: 0869_58.png -> 0869-58.png
  RENAME: 0666_14.png -> 0666-14.png
  RENAME: 0586_winter.png -> 0586-winter.png
  RENAME: 0666_16.png -> 0666-16.png
  RENAME: 1024_stellar.png -> 1024-stellar.png
  RENAME: 0745_dusk.png -> 0745-dusk.png
  RENAME: 0669_white.png -> 0669-white.png
  RENAME: 0201_e.png -> 0201-e.png
  RENAME: 0869_8.png -> 0869-8.png
  RENAME: 0201_r.png -> 0201-r.png
  RENAME: 0483_origin.png -> 0483-origin.png
  RENAME: 0925_family-of-three.png -> 0925-family-of-three.png
  RENAME: 0448_mega.png -> 0448-mega.png
  RENAME: 0774_violet.png -> 0774-violet.png
  RENAME: 0773_5.png -> 0773-5.png
  RENAME: 0015_mega.png -> 0015-mega.png
  RENAME: 0773_4.png -> 0773-4.png
  RENAME: 0669_red.png -> 0669-red.png
  RENAME: 0201_s.png -> 0201-s.png
  RENAME: 0869_9.png -> 0869-9.png
  RENAME: 0681_blade.png -> 0681-blade.png
  RENAME: 0201_d.png -> 0201-d.png
  RENAME: 0671_orange.png -> 0671-orange.png
  RENAME: 0666_17.png -> 0666-17.png
  RENAME: 0719_mega.png -> 0719-mega.png
  RENAME: 0666_13.png -> 0666-13.png
  RENAME: 0676_diamond.png -> 0676-diamond.png
  RENAME: 0201_w.png -> 0201-w.png
  RENAME: 0666_9.png -> 0666-9.png
  RENAME: 0800_dawn.png -> 0800-dawn.png
  RENAME: 0025_13.png -> 0025-13.png
  RENAME: 0774_indigo.png -> 0774-indigo.png
  RENAME: 0774_blue.png -> 0774-blue.png
  RENAME: .DS_Store -> .DS-Store
  RENAME: 0009_mega.png -> 0009-mega.png
  RENAME: 0773_1.png -> 0773-1.png
  RENAME: 1024_terastal.png -> 1024-terastal.png
  RENAME: 0479_wash.png -> 0479-wash.png
  RENAME: 0025_12.png -> 0025-12.png
  RENAME: 0666_8.png -> 0666-8.png
  RENAME: 0201_a.png -> 0201-a.png
  RENAME: 0201_v.png -> 0201-v.png
  RENAME: 0359_mega.png -> 0359-mega.png
  RENAME: 0666_12.png -> 0666-12.png
  RENAME: 0869_62.png -> 0869-62.png
  RENAME: 0869_48.png -> 0869-48.png
  RENAME: 0666_10.png -> 0666-10.png
  RENAME: 0869_60.png -> 0869-60.png
  RENAME: 0003_mega.png -> 0003-mega.png
  RENAME: 0201_t.png -> 0201-t.png
  RENAME: 0201_c.png -> 0201-c.png
  RENAME: 0888_crowned.png -> 0888-crowned.png
  RENAME: 0025_10.png -> 0025-10.png
  RENAME: 0142_mega.png -> 0142-mega.png
  RENAME: 0773_3.png -> 0773-3.png
  RENAME: 0773_2.png -> 0773-2.png
  RENAME: 1017_wellspring.png -> 1017-wellspring.png
  RENAME: 0025_11.png -> 0025-11.png
  RENAME: 0460_mega.png -> 0460-mega.png
  RENAME: 0773_18.png -> 0773-18.png
  RENAME: 0718_10_power.png -> 0718-10-power.png
  RENAME: 0905_therian.png -> 0905-therian.png
  RENAME: 0671_red.png -> 0671-red.png
  RENAME: 0212_mega.png -> 0212-mega.png
  RENAME: 0201_b.png -> 0201-b.png
  RENAME: 0201_u.png -> 0201-u.png
  RENAME: 0422_west.png -> 0422-west.png
  RENAME: 0423_west.png -> 0423-west.png
  RENAME: 0428_mega.png -> 0428-mega.png
  RENAME: 0869_61.png -> 0869-61.png
  RENAME: 0666_11.png -> 0666-11.png
  RENAME: 0800_dusk.png -> 0800-dusk.png
  RENAME: 0869_49.png -> 0869-49.png
  RENAME: 0869_12.png -> 0869-12.png
  RENAME: 0978_stretchy.png -> 0978-stretchy.png
  RENAME: 0671_white.png -> 0671-white.png
  RENAME: 0646_black.png -> 0646-black.png
  RENAME: 0676_heart.png -> 0676-heart.png
  RENAME: 0201_3F.png -> 0201-3F.png
  RENAME: 0128_paldea_combat.png -> 0128_paldea-combat.png
  RENAME: 0025_7.png -> 0025-7.png
  RENAME: 0669_yellow.png -> 0669-yellow.png
  RENAME: 0384_mega.png -> 0384-mega.png
  RENAME: 0025_6.png -> 0025-6.png
  RENAME: 0351_sunny.png -> 0351-sunny.png
  RENAME: 0257_mega.png -> 0257-mega.png
  RENAME: 0493_1.png -> 0493-1.png
  RENAME: 0585_autumn.png -> 0585-autumn.png
  RENAME: 0869_13.png -> 0869-13.png
  RENAME: 0869_11.png -> 0869-11.png
  RENAME: 0869_39.png -> 0869-39.png
  RENAME: 0671_blue.png -> 0671-blue.png
  RENAME: 0670_blue.png -> 0670-blue.png
  RENAME: 0658_ash.png -> 0658-ash.png
  RENAME: 0493_3.png -> 0493-3.png
  RENAME: 0901_bloodmoon.png -> 0901-bloodmoon.png
  RENAME: 0877_hangry.png -> 0877-hangry.png
  RENAME: 0323_mega.png -> 0323-mega.png
  RENAME: 0676_kabuki.png -> 0676-kabuki.png
  RENAME: 0025_4.png -> 0025-4.png
  RENAME: 0423_east.png -> 0423-east.png
  RENAME: 0422_east.png -> 0422-east.png
  RENAME: 0354_mega.png -> 0354-mega.png
  RENAME: 0025_5.png -> 0025-5.png
  RENAME: 0493_2.png -> 0493-2.png
  RENAME: 0214_mega.png -> 0214-mega.png
  RENAME: 0869_38.png -> 0869-38.png
  RENAME: 0869_10.png -> 0869-10.png
  RENAME: 0869_28.png -> 0869-28.png
  RENAME: 0869_14.png -> 0869-14.png
  RENAME: 0479_heat.png -> 0479-heat.png
  RENAME: 0376_mega.png -> 0376-mega.png
  RENAME: 0493_6.png -> 0493-6.png
  RENAME: 0445_mega.png -> 0445-mega.png
  RENAME: 0586_summer.png -> 0586-summer.png
  RENAME: 0383_primal.png -> 0383-primal.png
  RENAME: 0018_mega.png -> 0018-mega.png
  RENAME: 0479_fan.png -> 0479-fan.png
  RENAME: 0978_droopy.png -> 0978-droopy.png
  RENAME: 0774_green.png -> 0774-green.png
  RENAME: 0741_pau.png -> 0741-pau.png
  RENAME: 0645_therian.png -> 0645-therian.png
  RENAME: 0898_ice.png -> 0898-ice.png
  RENAME: 0208_mega.png -> 0208-mega.png
  RENAME: 0493_7.png -> 0493-7.png
  RENAME: 0869_15.png -> 0869-15.png
  RENAME: 0484_origin.png -> 0484-origin.png
  RENAME: 0869_29.png -> 0869-29.png
  RENAME: 0869_17.png -> 0869-17.png
  RENAME: 0493_5.png -> 0493-5.png
  RENAME: 0741_sensu.png -> 0741-sensu.png
  RENAME: 0334_mega.png -> 0334-mega.png
  RENAME: 0201_21.png -> 0201-21.png
  RENAME: 0025_2.png -> 0025-2.png
  RENAME: 0550_blue-striped.png -> 0550-blue-striped.png
  RENAME: 0080_mega.png -> 0080-mega.png
  RENAME: 0676_dandy.png -> 0676-dandy.png
  RENAME: 0531_mega.png -> 0531-mega.png
  RENAME: 0647_resolute.png -> 0647-resolute.png
  RENAME: 0065_mega.png -> 0065-mega.png
  RENAME: 0670_yellow.png -> 0670-yellow.png
  RENAME: 0025_3.png -> 0025-3.png
  RENAME: 0716_active.png -> 0716-active.png
  RENAME: 0492_sky.png -> 0492-sky.png
  RENAME: 0493_4.png -> 0493-4.png
  RENAME: 1017_cornerstone.png -> 1017-cornerstone.png
  RENAME: 0869_16.png -> 0869-16.png
  RENAME: 0555_galar_zen.png -> 0555_galar-zen.png
  RENAME: 0869_33.png -> 0869-33.png
  RENAME: 0869_27.png -> 0869-27.png
  RENAME: 0493_9.png -> 0493-9.png
  RENAME: 0774_red.png -> 0774-red.png
  RENAME: 0487_origin.png -> 0487-origin.png
  RENAME: 0550_white-striped.png -> 0550-white-striped.png
  RENAME: 0669_orange.png -> 0669-orange.png
  RENAME: 0931_white.png -> 0931-white.png
  RENAME: 0889_crowned.png -> 0889-crowned.png
  RENAME: 0892_rapid-strike.png -> 0892-rapid-strike.png
  RENAME: 0676_pharaoh.png -> 0676-pharaoh.png
  RENAME: 0585_summer.png -> 0585-summer.png
  RENAME: 0319_mega.png -> 0319-mega.png
  RENAME: 0493_8.png -> 0493-8.png
  RENAME: 0845_gorging.png -> 0845-gorging.png
  RENAME: 0282_mega.png -> 0282-mega.png
  RENAME: 0869_26.png -> 0869-26.png
  RENAME: 0869_32.png -> 0869-32.png
  RENAME: 0869_24.png -> 0869-24.png
  RENAME: 0869_30.png -> 0869-30.png
  RENAME: 0869_18.png -> 0869-18.png
  RENAME: 0128_paldea_aqua.png -> 0128_paldea-aqua.png
  RENAME: 0381_mega.png -> 0381-mega.png
  RENAME: 0380_mega.png -> 0380-mega.png
  RENAME: 0746_school.png -> 0746-school.png
  RENAME: 0893_dada.png -> 0893-dada.png
  RENAME: 0676_la-reine.png -> 0676-la-reine.png
  RENAME: 0898_shadow.png -> 0898-shadow.png
  RENAME: 0555_zen.png -> 0555-zen.png
  RENAME: 0642_therian.png -> 0642-therian.png
  RENAME: 0720_unbound.png -> 0720-unbound.png
  RENAME: 0869_19.png -> 0869-19.png
  RENAME: 0869_31.png -> 0869-31.png
  RENAME: 0869_25.png -> 0869-25.png
  RENAME: 0869_21.png -> 0869-21.png
  RENAME: 0869_35.png -> 0869-35.png
  RENAME: 0586_autumn.png -> 0586-autumn.png
  RENAME: 1017_hearthflame.png -> 1017-hearthflame.png
  RENAME: 0778_1.png -> 0778-1.png
  RENAME: 0025_8.png -> 0025-8.png
  RENAME: 0351_snowy.png -> 0351-snowy.png
  RENAME: 0412_trash.png -> 0412-trash.png
  RENAME: 0025_9.png -> 0025-9.png
  RENAME: 0412_sandy.png -> 0412-sandy.png
  RENAME: 0648_pirouette.png -> 0648-pirouette.png
  RENAME: 0931_blue.png -> 0931-blue.png
  RENAME: 0475_mega.png -> 0475-mega.png
  RENAME: 0869_34.png -> 0869-34.png
  RENAME: 0869_20.png -> 0869-20.png
  RENAME: 0869_36.png -> 0869-36.png
  RENAME: 0869_22.png -> 0869-22.png
  RENAME: 0115_mega.png -> 0115-mega.png
  RENAME: 0373_mega.png -> 0373-mega.png
  RENAME: 0669_blue.png -> 0669-blue.png
  RENAME: 0676_star.png -> 0676-star.png
  RENAME: 0845_gulping.png -> 0845-gulping.png
  RENAME: 0670_orange.png -> 0670-orange.png
  RENAME: 0823_gmax.png -> 0823-gmax.png
  RENAME: 0869_23.png -> 0869-23.png
  RENAME: 0869_37.png -> 0869-37.png
  RENAME: 0741_pom-pom.png -> 0741-pom-pom.png
  RENAME: 0869_50.png -> 0869-50.png
  RENAME: 0869_44.png -> 0869-44.png
  RENAME: 0774_yellow.png -> 0774-yellow.png
  RENAME: 0999_roaming.png -> 0999-roaming.png
  RENAME: 0869_2.png -> 0869-2.png
  RENAME: 0646_white.png -> 0646-white.png
  RENAME: 0201_x.png -> 0201-x.png
  RENAME: 0493_11.png -> 0493-11.png
  RENAME: 0201_o.png -> 0201-o.png
  RENAME: 0666_6.png -> 0666-6.png
  RENAME: 0646_3.png -> 0646-3.png
  RENAME: 0773_15.png -> 0773-15.png
  RENAME: 0006_mega-x.png -> 0006-mega-x.png
  RENAME: 0382_primal.png -> 0382-primal.png
  RENAME: 0006_mega-y.png -> 0006-mega-y.png
  RENAME: 0676_matron.png -> 0676-matron.png
  RENAME: 0308_mega.png -> 0308-mega.png
  RENAME: 0773_14.png -> 0773-14.png
  RENAME: 0931_yellow.png -> 0931-yellow.png
  RENAME: 0201_n.png -> 0201-n.png
  RENAME: 0248_mega.png -> 0248-mega.png
  RENAME: 0666_7.png -> 0666-7.png
  RENAME: 0201_y.png -> 0201-y.png
  RENAME: 0493_10.png -> 0493-10.png
  RENAME: 0869_3.png -> 0869-3.png
  RENAME: 0127_mega.png -> 0127-mega.png
  RENAME: 0869_45.png -> 0869-45.png
  RENAME: 0869_51.png -> 0869-51.png
  RENAME: 0869_47.png -> 0869-47.png
  RENAME: 0869_53.png -> 0869-53.png
  RENAME: 0493_12.png -> 0493-12.png
  RENAME: 0869_1.png -> 0869-1.png
  RENAME: 0666_5.png -> 0666-5.png
  RENAME: 0201_l.png -> 0201-l.png
  RENAME: 0181_mega.png -> 0181-mega.png
  RENAME: 0421_sunshine.png -> 0421-sunshine.png
  RENAME: 0773_16.png -> 0773-16.png
  RENAME: 0479_mow.png -> 0479-mow.png
  RENAME: 0800_ultra.png -> 0800-ultra.png
  RENAME: 0128_paldea_blaze.png -> 0128_paldea-blaze.png
  RENAME: 0773_17.png -> 0773-17.png
  RENAME: 0849_low-key.png -> 0849-low-key.png
  RENAME: 0666_4.png -> 0666-4.png
  RENAME: 0201_m.png -> 0201-m.png
  RENAME: 0303_mega.png -> 0303-mega.png
  RENAME: 0493_13.png -> 0493-13.png
  RENAME: 0302_mega.png -> 0302-mega.png
  RENAME: 0201_z.png -> 0201-z.png
  RENAME: 0671_yellow.png -> 0671-yellow.png
  RENAME: 0869_52.png -> 0869-52.png
  RENAME: 0869_46.png -> 0869-46.png
  RENAME: 0869_42.png -> 0869-42.png
  RENAME: 0869_56.png -> 0869-56.png
  RENAME: 0641_therian.png -> 0641-therian.png
  RENAME: 0094_mega.png -> 0094-mega.png
  RENAME: 0386_speed.png -> 0386-speed.png
  RENAME: 0201_i.png -> 0201-i.png
  RENAME: 0260_mega.png -> 0260-mega.png
  RENAME: 0493_17.png -> 0493-17.png
  RENAME: 0869_4.png -> 0869-4.png
  RENAME: 0585_spring.png -> 0585-spring.png
  RENAME: 0386_attack.png -> 0386-attack.png
  RENAME: 0773_13.png -> 0773-13.png
  RENAME: 0718_complete.png -> 0718-complete.png
  RENAME: 0229_mega.png -> 0229-mega.png
  RENAME: 0773_8.png -> 0773-8.png
  RENAME: 0130_mega.png -> 0130-mega.png
  RENAME: 0801_original.png -> 0801-original.png
  RENAME: 0875_noice.png -> 0875-noice.png
  RENAME: 0964_hero.png -> 0964-hero.png
  RENAME: 0646_4.png -> 0646-4.png
  RENAME: 0773_12.png -> 0773-12.png
  RENAME: 0479_frost.png -> 0479-frost.png
  RENAME: 0869_5.png -> 0869-5.png
  RENAME: 0493_16.png -> 0493-16.png
  RENAME: 0201_h.png -> 0201-h.png
  RENAME: 0413_trash.png -> 0413-trash.png
  RENAME: 0666_1.png -> 0666-1.png
  RENAME: 0413_sandy.png -> 0413-sandy.png
  RENAME: 0869_57.png -> 0869-57.png
  RENAME: 0869_43.png -> 0869-43.png
  RENAME: 0666_19.png -> 0666-19.png
  RENAME: 0869_55.png -> 0869-55.png
  RENAME: 0869_41.png -> 0869-41.png
  RENAME: 0982_three-segment.png -> 0982-three-segment.png
  RENAME: 0666_3.png -> 0666-3.png
  RENAME: 0201_j.png -> 0201-j.png
  RENAME: 0869_7.png -> 0869-7.png
  RENAME: 0493_14.png -> 0493-14.png
  RENAME: 0310_1.png -> 0310-1.png
  RENAME: 0773_10.png -> 0773-10.png
  RENAME: 0676_debutante.png -> 0676-debutante.png
  RENAME: 0362_mega.png -> 0362-mega.png
  RENAME: 0773_11.png -> 0773-11.png
  RENAME: 0585_winter.png -> 0585-winter.png
  RENAME: 0254_mega.png -> 0254-mega.png
  RENAME: 0493_15.png -> 0493-15.png
  RENAME: 0869_6.png -> 0869-6.png
  RENAME: 0666_2.png -> 0666-2.png
  RENAME: 0201_k.png -> 0201-k.png
  RENAME: 0869_40.png -> 0869-40.png
  RENAME: 0869_54.png -> 0869-54.png
  RENAME: 0666_18.png -> 0666-18.png
----------------------------------------
Processing directory: ./icon/shiny
  RENAME: 0666_15.png -> 0666-15.png
  RENAME: 0869_59.png -> 0869-59.png
  RENAME: 0150_mega-x.png -> 0150-mega-x.png
  RENAME: 0774_orange.png -> 0774-orange.png
  RENAME: 0201_f.png -> 0201-f.png
  RENAME: 0493_18.png -> 0493-18.png
  RENAME: 0201_q.png -> 0201-q.png
  RENAME: 0386_defense.png -> 0386-defense.png
  RENAME: 0670_white.png -> 0670-white.png
  RENAME: 0025_15.png -> 0025-15.png
  RENAME: 0351_rainy.png -> 0351-rainy.png
  RENAME: 0773_6.png -> 0773-6.png
  RENAME: 0773_7.png -> 0773-7.png
  RENAME: 0025_14.png -> 0025-14.png
  RENAME: 0745_midnight.png -> 0745-midnight.png
  RENAME: 0201_p.png -> 0201-p.png
  RENAME: 0201_g.png -> 0201-g.png
  RENAME: 0670_red.png -> 0670-red.png
  RENAME: 0306_mega.png -> 0306-mega.png
  RENAME: 0150_mega-y.png -> 0150-mega-y.png
  RENAME: 0586_spring.png -> 0586-spring.png
  RENAME: 0869_58.png -> 0869-58.png
  RENAME: 0666_14.png -> 0666-14.png
  RENAME: 0586_winter.png -> 0586-winter.png
  RENAME: 0666_16.png -> 0666-16.png
  RENAME: 1024_stellar.png -> 1024-stellar.png
  RENAME: 0745_dusk.png -> 0745-dusk.png
  RENAME: 1017_10.png -> 1017-10.png
  RENAME: 0669_white.png -> 0669-white.png
  RENAME: 0201_e.png -> 0201-e.png
  RENAME: 0869_8.png -> 0869-8.png
  RENAME: 0201_r.png -> 0201-r.png
  RENAME: 0483_origin.png -> 0483-origin.png
  RENAME: 0925_family-of-three.png -> 0925-family-of-three.png
  RENAME: 0448_mega.png -> 0448-mega.png
  RENAME: 0774_violet.png -> 0774-violet.png
  RENAME: 1017_8.png -> 1017-8.png
  RENAME: 0773_5.png -> 0773-5.png
  RENAME: 0015_mega.png -> 0015-mega.png
  RENAME: 0773_4.png -> 0773-4.png
  RENAME: 1017_9.png -> 1017-9.png
  RENAME: 0669_red.png -> 0669-red.png
  RENAME: 0201_s.png -> 0201-s.png
  RENAME: 0869_9.png -> 0869-9.png
  RENAME: 0681_blade.png -> 0681-blade.png
  RENAME: 0201_d.png -> 0201-d.png
  RENAME: 1017_11.png -> 1017-11.png
  RENAME: 0671_orange.png -> 0671-orange.png
  RENAME: 0666_17.png -> 0666-17.png
  RENAME: 0719_mega.png -> 0719-mega.png
  RENAME: 0666_13.png -> 0666-13.png
  RENAME: 0676_diamond.png -> 0676-diamond.png
  RENAME: 0201_w.png -> 0201-w.png
  RENAME: 0666_9.png -> 0666-9.png
  RENAME: 0800_dawn.png -> 0800-dawn.png
  RENAME: 0025_13.png -> 0025-13.png
  RENAME: 0774_indigo.png -> 0774-indigo.png
  RENAME: 0774_blue.png -> 0774-blue.png
  RENAME: 0009_mega.png -> 0009-mega.png
  RENAME: 0800_4.png -> 0800-4.png
  RENAME: 0773_1.png -> 0773-1.png
  RENAME: 1024_terastal.png -> 1024-terastal.png
  RENAME: 0479_wash.png -> 0479-wash.png
  RENAME: 0025_12.png -> 0025-12.png
  RENAME: 0666_8.png -> 0666-8.png
  RENAME: 0201_a.png -> 0201-a.png
  RENAME: 0201_v.png -> 0201-v.png
  RENAME: 0359_mega.png -> 0359-mega.png
  RENAME: 0666_12.png -> 0666-12.png
  RENAME: 0869_62.png -> 0869-62.png
  RENAME: 0869_48.png -> 0869-48.png
  RENAME: 0666_10.png -> 0666-10.png
  RENAME: 0869_60.png -> 0869-60.png
  RENAME: 0003_mega.png -> 0003-mega.png
  RENAME: 0201_t.png -> 0201-t.png
  RENAME: 0201_c.png -> 0201-c.png
  RENAME: 0888_crowned.png -> 0888-crowned.png
  RENAME: 0025_10.png -> 0025-10.png
  RENAME: 0142_mega.png -> 0142-mega.png
  RENAME: 0773_3.png -> 0773-3.png
  RENAME: 0773_2.png -> 0773-2.png
  RENAME: 1017_wellspring.png -> 1017-wellspring.png
  RENAME: 0025_11.png -> 0025-11.png
  RENAME: 0460_mega.png -> 0460-mega.png
  RENAME: 0773_18.png -> 0773-18.png
  RENAME: 0718_10_power.png -> 0718-10-power.png
  RENAME: 0905_therian.png -> 0905-therian.png
  RENAME: 0671_red.png -> 0671-red.png
  RENAME: 0212_mega.png -> 0212-mega.png
  RENAME: 0201_b.png -> 0201-b.png
  RENAME: 0201_u.png -> 0201-u.png
  RENAME: 0422_west.png -> 0422-west.png
  RENAME: 0423_west.png -> 0423-west.png
  RENAME: 0428_mega.png -> 0428-mega.png
  RENAME: 0869_61.png -> 0869-61.png
  RENAME: 0666_11.png -> 0666-11.png
  RENAME: 0800_dusk.png -> 0800-dusk.png
  RENAME: 0869_49.png -> 0869-49.png
  RENAME: 0869_12.png -> 0869-12.png
  RENAME: 0978_stretchy.png -> 0978-stretchy.png
  RENAME: 0671_white.png -> 0671-white.png
  RENAME: 0646_black.png -> 0646-black.png
  RENAME: 0676_heart.png -> 0676-heart.png
  RENAME: 0201_3F.png -> 0201-3F.png
  RENAME: 0128_paldea_combat.png -> 0128_paldea-combat.png
  RENAME: 0025_7.png -> 0025-7.png
  RENAME: 0669_yellow.png -> 0669-yellow.png
  RENAME: 0384_mega.png -> 0384-mega.png
  RENAME: 0025_6.png -> 0025-6.png
  RENAME: 0351_sunny.png -> 0351-sunny.png
  RENAME: 0257_mega.png -> 0257-mega.png
  RENAME: 0493_1.png -> 0493-1.png
  RENAME: 0585_autumn.png -> 0585-autumn.png
  RENAME: 0869_13.png -> 0869-13.png
  RENAME: 0869_11.png -> 0869-11.png
  RENAME: 0869_39.png -> 0869-39.png
  RENAME: 0671_blue.png -> 0671-blue.png
  RENAME: 0670_blue.png -> 0670-blue.png
  RENAME: 0658_ash.png -> 0658-ash.png
  RENAME: 0493_3.png -> 0493-3.png
  RENAME: 0901_bloodmoon.png -> 0901-bloodmoon.png
  RENAME: 0877_hangry.png -> 0877-hangry.png
  RENAME: 0323_mega.png -> 0323-mega.png
  RENAME: 0676_kabuki.png -> 0676-kabuki.png
  RENAME: 0025_4.png -> 0025-4.png
  RENAME: 0423_east.png -> 0423-east.png
  RENAME: 0422_east.png -> 0422-east.png
  RENAME: 0354_mega.png -> 0354-mega.png
  RENAME: 0025_5.png -> 0025-5.png
  RENAME: 0493_2.png -> 0493-2.png
  RENAME: 0214_mega.png -> 0214-mega.png
  RENAME: 0869_38.png -> 0869-38.png
  RENAME: 0869_10.png -> 0869-10.png
  RENAME: 0869_28.png -> 0869-28.png
  RENAME: 0869_14.png -> 0869-14.png
  RENAME: 0479_heat.png -> 0479-heat.png
  RENAME: 0376_mega.png -> 0376-mega.png
  RENAME: 0493_6.png -> 0493-6.png
  RENAME: 0445_mega.png -> 0445-mega.png
  RENAME: 0586_summer.png -> 0586-summer.png
  RENAME: 0383_primal.png -> 0383-primal.png
  RENAME: 0018_mega.png -> 0018-mega.png
  RENAME: 0479_fan.png -> 0479-fan.png
  RENAME: 0978_droopy.png -> 0978-droopy.png
  RENAME: 0774_green.png -> 0774-green.png
  RENAME: 0741_pau.png -> 0741-pau.png
  RENAME: 0645_therian.png -> 0645-therian.png
  RENAME: 0898_ice.png -> 0898-ice.png
  RENAME: 0208_mega.png -> 0208-mega.png
  RENAME: 0493_7.png -> 0493-7.png
  RENAME: 0869_15.png -> 0869-15.png
  RENAME: 0670_5.png -> 0670-5.png
  RENAME: 0484_origin.png -> 0484-origin.png
  RENAME: 0869_29.png -> 0869-29.png
  RENAME: 0869_17.png -> 0869-17.png
  RENAME: 0493_5.png -> 0493-5.png
  RENAME: 0741_sensu.png -> 0741-sensu.png
  RENAME: 0334_mega.png -> 0334-mega.png
  RENAME: 0201_21.png -> 0201-21.png
  RENAME: 0025_2.png -> 0025-2.png
  RENAME: 0550_blue-striped.png -> 0550-blue-striped.png
  RENAME: 0080_mega.png -> 0080-mega.png
  RENAME: 0676_dandy.png -> 0676-dandy.png
  RENAME: 0531_mega.png -> 0531-mega.png
  RENAME: 0647_resolute.png -> 0647-resolute.png
  RENAME: 0065_mega.png -> 0065-mega.png
  RENAME: 0670_yellow.png -> 0670-yellow.png
  RENAME: 0025_3.png -> 0025-3.png
  RENAME: 0716_active.png -> 0716-active.png
  RENAME: 0492_sky.png -> 0492-sky.png
  RENAME: 0493_4.png -> 0493-4.png
  RENAME: 1017_cornerstone.png -> 1017-cornerstone.png
  RENAME: 0869_16.png -> 0869-16.png
  RENAME: 0555_galar_zen.png -> 0555_galar-zen.png
  RENAME: 0869_33.png -> 0869-33.png
  RENAME: 0869_27.png -> 0869-27.png
  RENAME: 0493_9.png -> 0493-9.png
  RENAME: 0774_red.png -> 0774-red.png
  RENAME: 0487_origin.png -> 0487-origin.png
  RENAME: 0550_white-striped.png -> 0550-white-striped.png
  RENAME: 0669_orange.png -> 0669-orange.png
  RENAME: 0931_white.png -> 0931-white.png
  RENAME: 0889_crowned.png -> 0889-crowned.png
  RENAME: 0892_rapid-strike.png -> 0892-rapid-strike.png
  RENAME: 0676_pharaoh.png -> 0676-pharaoh.png
  RENAME: 0585_summer.png -> 0585-summer.png
  RENAME: 0319_mega.png -> 0319-mega.png
  RENAME: 0493_8.png -> 0493-8.png
  RENAME: 0845_gorging.png -> 0845-gorging.png
  RENAME: 0282_mega.png -> 0282-mega.png
  RENAME: 0869_26.png -> 0869-26.png
  RENAME: 0869_32.png -> 0869-32.png
  RENAME: 0869_24.png -> 0869-24.png
  RENAME: 0869_30.png -> 0869-30.png
  RENAME: 0869_18.png -> 0869-18.png
  RENAME: 0916_1.png -> 0916-1.png
  RENAME: 0128_paldea_aqua.png -> 0128_paldea-aqua.png
  RENAME: 0381_mega.png -> 0381-mega.png
  RENAME: 0380_mega.png -> 0380-mega.png
  RENAME: 0746_school.png -> 0746-school.png
  RENAME: 0893_dada.png -> 0893-dada.png
  RENAME: 0676_la-reine.png -> 0676-la-reine.png
  RENAME: 0898_shadow.png -> 0898-shadow.png
  RENAME: 0555_zen.png -> 0555-zen.png
  RENAME: 0642_therian.png -> 0642-therian.png
  RENAME: 0720_unbound.png -> 0720-unbound.png
  RENAME: 0869_19.png -> 0869-19.png
  RENAME: 0869_31.png -> 0869-31.png
  RENAME: 0869_25.png -> 0869-25.png
  RENAME: 0869_21.png -> 0869-21.png
  RENAME: 0869_35.png -> 0869-35.png
  RENAME: 0586_autumn.png -> 0586-autumn.png
  RENAME: 1017_hearthflame.png -> 1017-hearthflame.png
  RENAME: 0778_1.png -> 0778-1.png
  RENAME: 0025_8.png -> 0025-8.png
  RENAME: 0351_snowy.png -> 0351-snowy.png
  RENAME: 0412_trash.png -> 0412-trash.png
  RENAME: 0025_9.png -> 0025-9.png
  RENAME: 0412_sandy.png -> 0412-sandy.png
  RENAME: 0648_pirouette.png -> 0648-pirouette.png
  RENAME: 0931_blue.png -> 0931-blue.png
  RENAME: 0475_mega.png -> 0475-mega.png
  RENAME: 0869_34.png -> 0869-34.png
  RENAME: 0869_20.png -> 0869-20.png
  RENAME: 0869_36.png -> 0869-36.png
  RENAME: 0869_22.png -> 0869-22.png
  RENAME: 0115_mega.png -> 0115-mega.png
  RENAME: 0373_mega.png -> 0373-mega.png
  RENAME: 0669_blue.png -> 0669-blue.png
  RENAME: 0676_star.png -> 0676-star.png
  RENAME: 0845_gulping.png -> 0845-gulping.png
  RENAME: 0670_orange.png -> 0670-orange.png
  RENAME: 0823_gmax.png -> 0823-gmax.png
  RENAME: 0869_23.png -> 0869-23.png
  RENAME: 0869_37.png -> 0869-37.png
  RENAME: 0741_pom-pom.png -> 0741-pom-pom.png
  RENAME: 0869_50.png -> 0869-50.png
  RENAME: 0869_44.png -> 0869-44.png
  RENAME: 0774_yellow.png -> 0774-yellow.png
  RENAME: 0999_roaming.png -> 0999-roaming.png
  RENAME: 0869_2.png -> 0869-2.png
  RENAME: 0646_white.png -> 0646-white.png
  RENAME: 0201_x.png -> 0201-x.png
  RENAME: 0493_11.png -> 0493-11.png
  RENAME: 0201_o.png -> 0201-o.png
  RENAME: 0666_6.png -> 0666-6.png
  RENAME: 0646_3.png -> 0646-3.png
  RENAME: 0773_15.png -> 0773-15.png
  RENAME: 0006_mega-x.png -> 0006-mega-x.png
  RENAME: 0382_primal.png -> 0382-primal.png
  RENAME: 0006_mega-y.png -> 0006-mega-y.png
  RENAME: 0676_matron.png -> 0676-matron.png
  RENAME: 0308_mega.png -> 0308-mega.png
  RENAME: 0773_14.png -> 0773-14.png
  RENAME: 0931_yellow.png -> 0931-yellow.png
  RENAME: 0201_n.png -> 0201-n.png
  RENAME: 0248_mega.png -> 0248-mega.png
  RENAME: 0666_7.png -> 0666-7.png
  RENAME: 0201_y.png -> 0201-y.png
  RENAME: 0493_10.png -> 0493-10.png
  RENAME: 0869_3.png -> 0869-3.png
  RENAME: 0127_mega.png -> 0127-mega.png
  RENAME: 0869_45.png -> 0869-45.png
  RENAME: 0869_51.png -> 0869-51.png
  RENAME: 0869_47.png -> 0869-47.png
  RENAME: 0869_53.png -> 0869-53.png
  RENAME: 0493_12.png -> 0493-12.png
  RENAME: 0869_1.png -> 0869-1.png
  RENAME: 0666_5.png -> 0666-5.png
  RENAME: 0201_l.png -> 0201-l.png
  RENAME: 0181_mega.png -> 0181-mega.png
  RENAME: 0421_sunshine.png -> 0421-sunshine.png
  RENAME: 0773_16.png -> 0773-16.png
  RENAME: 0479_mow.png -> 0479-mow.png
  RENAME: 0800_ultra.png -> 0800-ultra.png
  RENAME: 0128_paldea_blaze.png -> 0128_paldea-blaze.png
  RENAME: 0773_17.png -> 0773-17.png
  RENAME: 0849_low-key.png -> 0849-low-key.png
  RENAME: 0666_4.png -> 0666-4.png
  RENAME: 0201_m.png -> 0201-m.png
  RENAME: 0303_mega.png -> 0303-mega.png
  RENAME: 0493_13.png -> 0493-13.png
  RENAME: 0302_mega.png -> 0302-mega.png
  RENAME: 0201_z.png -> 0201-z.png
  RENAME: 0671_yellow.png -> 0671-yellow.png
  RENAME: 0869_52.png -> 0869-52.png
  RENAME: 0869_46.png -> 0869-46.png
  RENAME: 0869_42.png -> 0869-42.png
  RENAME: 0869_56.png -> 0869-56.png
  RENAME: 0641_therian.png -> 0641-therian.png
  RENAME: 0718_3.png -> 0718-3.png
  RENAME: 0094_mega.png -> 0094-mega.png
  RENAME: 0386_speed.png -> 0386-speed.png
  RENAME: 0201_i.png -> 0201-i.png
  RENAME: 0260_mega.png -> 0260-mega.png
  RENAME: 0493_17.png -> 0493-17.png
  RENAME: 0869_4.png -> 0869-4.png
  RENAME: 0585_spring.png -> 0585-spring.png
  RENAME: 0386_attack.png -> 0386-attack.png
  RENAME: 0773_13.png -> 0773-13.png
  RENAME: 0718_complete.png -> 0718-complete.png
  RENAME: 1017_4.png -> 1017-4.png
  RENAME: 0229_mega.png -> 0229-mega.png
  RENAME: 0773_8.png -> 0773-8.png
  RENAME: 0130_mega.png -> 0130-mega.png
  RENAME: 0801_original.png -> 0801-original.png
  RENAME: 1017_5.png -> 1017-5.png
  RENAME: 0875_noice.png -> 0875-noice.png
  RENAME: 0964_hero.png -> 0964-hero.png
  RENAME: 0646_4.png -> 0646-4.png
  RENAME: 0773_12.png -> 0773-12.png
  RENAME: 0479_frost.png -> 0479-frost.png
  RENAME: 0869_5.png -> 0869-5.png
  RENAME: 0493_16.png -> 0493-16.png
  RENAME: 0201_h.png -> 0201-h.png
  RENAME: 0413_trash.png -> 0413-trash.png
  RENAME: 0666_1.png -> 0666-1.png
  RENAME: 0413_sandy.png -> 0413-sandy.png
  RENAME: 0869_57.png -> 0869-57.png
  RENAME: 0869_43.png -> 0869-43.png
  RENAME: 0666_19.png -> 0666-19.png
  RENAME: 0869_55.png -> 0869-55.png
  RENAME: 0869_41.png -> 0869-41.png
  RENAME: 0982_three-segment.png -> 0982-three-segment.png
  RENAME: 0666_3.png -> 0666-3.png
  RENAME: 0201_j.png -> 0201-j.png
  RENAME: 0869_7.png -> 0869-7.png
  RENAME: 0493_14.png -> 0493-14.png
  RENAME: 0310_1.png -> 0310-1.png
  RENAME: 0773_10.png -> 0773-10.png
  RENAME: 0676_debutante.png -> 0676-debutante.png
  RENAME: 1017_7.png -> 1017-7.png
  RENAME: 0362_mega.png -> 0362-mega.png
  RENAME: 1017_6.png -> 1017-6.png
  RENAME: 0773_11.png -> 0773-11.png
  RENAME: 0585_winter.png -> 0585-winter.png
  RENAME: 0254_mega.png -> 0254-mega.png
  RENAME: 0493_15.png -> 0493-15.png
  RENAME: 0869_6.png -> 0869-6.png
  RENAME: 0666_2.png -> 0666-2.png
  RENAME: 0201_k.png -> 0201-k.png
  RENAME: 0876_1.png -> 0876-1.png
  RENAME: 0869_40.png -> 0869-40.png
  RENAME: 0869_54.png -> 0869-54.png
  RENAME: 0666_18.png -> 0666-18.png
----------------------------------------
Processing directory: ./overworld
  RENAME: 0666_15.png -> 0666-15.png
  RENAME: 0869_59.png -> 0869-59.png
  RENAME: 0774_orange.png -> 0774-orange.png
  RENAME: 0201_f.png -> 0201-f.png
  RENAME: 0493_18.png -> 0493-18.png
  RENAME: 0201_q.png -> 0201-q.png
  RENAME: 0415_1.png -> 0415-1.png
  RENAME: 0386_defense.png -> 0386-defense.png
  RENAME: 0670_white.png -> 0670-white.png
  RENAME: 0351_rainy.png -> 0351-rainy.png
  RENAME: 0773_6.png -> 0773-6.png
  RENAME: 0773_7.png -> 0773-7.png
  RENAME: 0025_14.png -> 0025-14.png
  RENAME: 0745_midnight.png -> 0745-midnight.png
  RENAME: 0201_p.png -> 0201-p.png
  RENAME: 0201_g.png -> 0201-g.png
  RENAME: 0670_red.png -> 0670-red.png
  RENAME: 0586_spring.png -> 0586-spring.png
  RENAME: 0869_58.png -> 0869-58.png
  RENAME: 0666_14.png -> 0666-14.png
  RENAME: 0586_winter.png -> 0586-winter.png
  RENAME: 0666_16.png -> 0666-16.png
  RENAME: 0745_dusk.png -> 0745-dusk.png
  RENAME: 0669_white.png -> 0669-white.png
  RENAME: 0201_e.png -> 0201-e.png
  RENAME: 0869_8.png -> 0869-8.png
  RENAME: 0201_r.png -> 0201-r.png
  RENAME: 0483_origin.png -> 0483-origin.png
  RENAME: 0925_family-of-three.png -> 0925-family-of-three.png
  RENAME: 0774_violet.png -> 0774-violet.png
  RENAME: 0773_5.png -> 0773-5.png
  RENAME: 0773_4.png -> 0773-4.png
  RENAME: 0669_red.png -> 0669-red.png
  RENAME: 0201_s.png -> 0201-s.png
  RENAME: 0869_9.png -> 0869-9.png
  RENAME: 0201_d.png -> 0201-d.png
  RENAME: 0671_orange.png -> 0671-orange.png
  RENAME: 0666_17.png -> 0666-17.png
  RENAME: 0666_13.png -> 0666-13.png
  RENAME: 0676_diamond.png -> 0676-diamond.png
  RENAME: 0201_w.png -> 0201-w.png
  RENAME: 0666_9.png -> 0666-9.png
  RENAME: 0800_dawn.png -> 0800-dawn.png
  RENAME: 0025_13.png -> 0025-13.png
  RENAME: 0774_indigo.png -> 0774-indigo.png
  RENAME: 0774_blue.png -> 0774-blue.png
  RENAME: .DS_Store -> .DS-Store
  RENAME: 0773_1.png -> 0773-1.png
  RENAME: 1024_terastal.png -> 1024-terastal.png
  RENAME: 0479_wash.png -> 0479-wash.png
  RENAME: 0025_12.png -> 0025-12.png
  RENAME: 0666_8.png -> 0666-8.png
  RENAME: 0201_a.png -> 0201-a.png
  RENAME: 0201_v.png -> 0201-v.png
  RENAME: 0666_12.png -> 0666-12.png
  RENAME: 0869_62.png -> 0869-62.png
  RENAME: 0869_48.png -> 0869-48.png
  RENAME: 0666_10.png -> 0666-10.png
  RENAME: 0869_60.png -> 0869-60.png
  RENAME: 0201_t.png -> 0201-t.png
  RENAME: 0201_c.png -> 0201-c.png
  RENAME: 0888_crowned.png -> 0888-crowned.png
  RENAME: 0025_10.png -> 0025-10.png
  RENAME: 0773_3.png -> 0773-3.png
  RENAME: 0773_2.png -> 0773-2.png
  RENAME: 1017_wellspring.png -> 1017-wellspring.png
  RENAME: 0025_11.png -> 0025-11.png
  RENAME: 0773_18.png -> 0773-18.png
  RENAME: 0718_10_power.png -> 0718-10-power.png
  RENAME: 0905_therian.png -> 0905-therian.png
  RENAME: 0671_red.png -> 0671-red.png
  RENAME: 0201_b.png -> 0201-b.png
  RENAME: 0201_u.png -> 0201-u.png
  RENAME: 0422_west.png -> 0422-west.png
  RENAME: 0423_west.png -> 0423-west.png
  RENAME: 0869_61.png -> 0869-61.png
  RENAME: 0666_11.png -> 0666-11.png
  RENAME: 0800_dusk.png -> 0800-dusk.png
  RENAME: 0869_49.png -> 0869-49.png
  RENAME: 0869_12.png -> 0869-12.png
  RENAME: 0978_stretchy.png -> 0978-stretchy.png
  RENAME: 0671_white.png -> 0671-white.png
  RENAME: 0646_black.png -> 0646-black.png
  RENAME: 0676_heart.png -> 0676-heart.png
  RENAME: 0201_3F.png -> 0201-3F.png
  RENAME: 0128_paldea_combat.png -> 0128_paldea-combat.png
  RENAME: 0025_7.png -> 0025-7.png
  RENAME: 0669_yellow.png -> 0669-yellow.png
  RENAME: 0025_6.png -> 0025-6.png
  RENAME: 0351_sunny.png -> 0351-sunny.png
  RENAME: 0493_1.png -> 0493-1.png
  RENAME: 0585_autumn.png -> 0585-autumn.png
  RENAME: 0869_13.png -> 0869-13.png
  RENAME: 0869_11.png -> 0869-11.png
  RENAME: 0869_39.png -> 0869-39.png
  RENAME: 0671_blue.png -> 0671-blue.png
  RENAME: 0670_blue.png -> 0670-blue.png
  RENAME: 0493_3.png -> 0493-3.png
  RENAME: 0901_bloodmoon.png -> 0901-bloodmoon.png
  RENAME: 0877_hangry.png -> 0877-hangry.png
  RENAME: 0676_kabuki.png -> 0676-kabuki.png
  RENAME: 0025_4.png -> 0025-4.png
  RENAME: 0423_east.png -> 0423-east.png
  RENAME: 0422_east.png -> 0422-east.png
  RENAME: 0025_5.png -> 0025-5.png
  RENAME: 0649_4.png -> 0649-4.png
  RENAME: 0493_2.png -> 0493-2.png
  RENAME: 0869_38.png -> 0869-38.png
  RENAME: 0869_10.png -> 0869-10.png
  RENAME: 0869_28.png -> 0869-28.png
  RENAME: 0869_14.png -> 0869-14.png
  RENAME: 0479_heat.png -> 0479-heat.png
  RENAME: 0493_6.png -> 0493-6.png
  RENAME: 0586_summer.png -> 0586-summer.png
  RENAME: 0479_fan.png -> 0479-fan.png
  RENAME: 0978_droopy.png -> 0978-droopy.png
  RENAME: 0774_green.png -> 0774-green.png
  RENAME: 0741_pau.png -> 0741-pau.png
  RENAME: 0649_1.png -> 0649-1.png
  RENAME: 0645_therian.png -> 0645-therian.png
  RENAME: 0898_ice.png -> 0898-ice.png
  RENAME: 0493_7.png -> 0493-7.png
  RENAME: 0869_15.png -> 0869-15.png
  RENAME: 0670_5.png -> 0670-5.png
  RENAME: 0484_origin.png -> 0484-origin.png
  RENAME: 0869_29.png -> 0869-29.png
  RENAME: 0869_17.png -> 0869-17.png
  RENAME: 0493_5.png -> 0493-5.png
  RENAME: 0741_sensu.png -> 0741-sensu.png
  RENAME: 0201_21.png -> 0201-21.png
  RENAME: 0649_3.png -> 0649-3.png
  RENAME: 0025_2.png -> 0025-2.png
  RENAME: 0550_blue-striped.png -> 0550-blue-striped.png
  RENAME: 0676_dandy.png -> 0676-dandy.png
  RENAME: 0647_resolute.png -> 0647-resolute.png
  RENAME: 0670_yellow.png -> 0670-yellow.png
  RENAME: 0025_3.png -> 0025-3.png
  RENAME: 0716_active.png -> 0716-active.png
  RENAME: 0649_2.png -> 0649-2.png
  RENAME: 0492_sky.png -> 0492-sky.png
  RENAME: 0493_4.png -> 0493-4.png
  RENAME: 1017_cornerstone.png -> 1017-cornerstone.png
  RENAME: 0869_16.png -> 0869-16.png
  RENAME: 0869_33.png -> 0869-33.png
  RENAME: 0869_27.png -> 0869-27.png
  RENAME: 0774_red.png -> 0774-red.png
  RENAME: 0487_origin.png -> 0487-origin.png
  RENAME: 0550_white-striped.png -> 0550-white-striped.png
  RENAME: 0669_orange.png -> 0669-orange.png
  RENAME: 0931_white.png -> 0931-white.png
  RENAME: 0889_crowned.png -> 0889-crowned.png
  RENAME: 0892_rapid-strike.png -> 0892-rapid-strike.png
  RENAME: 0676_pharaoh.png -> 0676-pharaoh.png
  RENAME: 0585_summer.png -> 0585-summer.png
  RENAME: 0493_8.png -> 0493-8.png
  RENAME: 0869_26.png -> 0869-26.png
  RENAME: 0869_32.png -> 0869-32.png
  RENAME: 0869_24.png -> 0869-24.png
  RENAME: 0869_30.png -> 0869-30.png
  RENAME: 0869_18.png -> 0869-18.png
  RENAME: 0916_1.png -> 0916-1.png
  RENAME: 0128_paldea_aqua.png -> 0128_paldea-aqua.png
  RENAME: 0676_la-reine.png -> 0676-la-reine.png
  RENAME: 0898_shadow.png -> 0898-shadow.png
  RENAME: 0642_therian.png -> 0642-therian.png
  RENAME: 0720_unbound.png -> 0720-unbound.png
  RENAME: 0869_19.png -> 0869-19.png
  RENAME: 0869_31.png -> 0869-31.png
  RENAME: 0869_25.png -> 0869-25.png
  RENAME: 0869_21.png -> 0869-21.png
  RENAME: 0869_35.png -> 0869-35.png
  RENAME: 0586_autumn.png -> 0586-autumn.png
  RENAME: 1017_hearthflame.png -> 1017-hearthflame.png
  RENAME: 0025_8.png -> 0025-8.png
  RENAME: 0351_snowy.png -> 0351-snowy.png
  RENAME: 0412_trash.png -> 0412-trash.png
  RENAME: 0025_9.png -> 0025-9.png
  RENAME: 0412_sandy.png -> 0412-sandy.png
  RENAME: 0648_pirouette.png -> 0648-pirouette.png
  RENAME: 0931_blue.png -> 0931-blue.png
  RENAME: 0869_34.png -> 0869-34.png
  RENAME: 0869_20.png -> 0869-20.png
  RENAME: 0869_36.png -> 0869-36.png
  RENAME: 0869_22.png -> 0869-22.png
  RENAME: 0669_blue.png -> 0669-blue.png
  RENAME: 0676_star.png -> 0676-star.png
  RENAME: 0670_orange.png -> 0670-orange.png
  RENAME: 0869_23.png -> 0869-23.png
  RENAME: 0869_37.png -> 0869-37.png
  RENAME: 0741_pom-pom.png -> 0741-pom-pom.png
  RENAME: 0869_50.png -> 0869-50.png
  RENAME: 0869_44.png -> 0869-44.png
  RENAME: 0774_yellow.png -> 0774-yellow.png
  RENAME: 0999_roaming.png -> 0999-roaming.png
  RENAME: 0869_2.png -> 0869-2.png
  RENAME: 0646_white.png -> 0646-white.png
  RENAME: 0201_x.png -> 0201-x.png
  RENAME: 0493_11.png -> 0493-11.png
  RENAME: 0201_o.png -> 0201-o.png
  RENAME: 0666_6.png -> 0666-6.png
  RENAME: 0773_15.png -> 0773-15.png
  RENAME: 0676_matron.png -> 0676-matron.png
  RENAME: 0773_14.png -> 0773-14.png
  RENAME: 0931_yellow.png -> 0931-yellow.png
  RENAME: 0201_n.png -> 0201-n.png
  RENAME: 0666_7.png -> 0666-7.png
  RENAME: 0201_y.png -> 0201-y.png
  RENAME: 0493_10.png -> 0493-10.png
  RENAME: 0869_3.png -> 0869-3.png
  RENAME: 0869_45.png -> 0869-45.png
  RENAME: 0869_51.png -> 0869-51.png
  RENAME: 0869_47.png -> 0869-47.png
  RENAME: 0869_53.png -> 0869-53.png
  RENAME: 0493_12.png -> 0493-12.png
  RENAME: 0869_1.png -> 0869-1.png
  RENAME: 0666_5.png -> 0666-5.png
  RENAME: 0201_l.png -> 0201-l.png
  RENAME: 0773_16.png -> 0773-16.png
  RENAME: 0479_mow.png -> 0479-mow.png
  RENAME: 0128_paldea_blaze.png -> 0128_paldea-blaze.png
  RENAME: 0773_17.png -> 0773-17.png
  RENAME: 0849_low-key.png -> 0849-low-key.png
  RENAME: 0666_4.png -> 0666-4.png
  RENAME: 0201_m.png -> 0201-m.png
  RENAME: 0493_13.png -> 0493-13.png
  RENAME: 0201_z.png -> 0201-z.png
  RENAME: 0671_yellow.png -> 0671-yellow.png
  RENAME: 0869_52.png -> 0869-52.png
  RENAME: 0869_46.png -> 0869-46.png
  RENAME: 0869_42.png -> 0869-42.png
  RENAME: 0869_56.png -> 0869-56.png
  RENAME: 0641_therian.png -> 0641-therian.png
  RENAME: 0386_speed.png -> 0386-speed.png
  RENAME: 0201_i.png -> 0201-i.png
  RENAME: 0493_17.png -> 0493-17.png
  RENAME: 0869_4.png -> 0869-4.png
  RENAME: 0585_spring.png -> 0585-spring.png
  RENAME: 0386_attack.png -> 0386-attack.png
  RENAME: 0773_13.png -> 0773-13.png
  RENAME: 1017_4.png -> 1017-4.png
  RENAME: 0773_8.png -> 0773-8.png
  RENAME: 0801_original.png -> 0801-original.png
  RENAME: 1017_5.png -> 1017-5.png
  RENAME: 0964_hero.png -> 0964-hero.png
  RENAME: 0773_12.png -> 0773-12.png
  RENAME: 0479_frost.png -> 0479-frost.png
  RENAME: 0869_5.png -> 0869-5.png
  RENAME: 0493_16.png -> 0493-16.png
  RENAME: 0201_h.png -> 0201-h.png
  RENAME: 0413_trash.png -> 0413-trash.png
  RENAME: 0666_1.png -> 0666-1.png
  RENAME: 0413_sandy.png -> 0413-sandy.png
  RENAME: 0869_57.png -> 0869-57.png
  RENAME: 0869_43.png -> 0869-43.png
  RENAME: 0666_19.png -> 0666-19.png
  RENAME: 0869_55.png -> 0869-55.png
  RENAME: 0869_41.png -> 0869-41.png
  RENAME: 0982_three-segment.png -> 0982-three-segment.png
  RENAME: 0666_3.png -> 0666-3.png
  RENAME: 0201_j.png -> 0201-j.png
  RENAME: 0869_7.png -> 0869-7.png
  RENAME: 0493_14.png -> 0493-14.png
  RENAME: 0773_10.png -> 0773-10.png
  RENAME: 0676_debutante.png -> 0676-debutante.png
  RENAME: 1017_7.png -> 1017-7.png
  RENAME: 1017_6.png -> 1017-6.png
  RENAME: 0773_11.png -> 0773-11.png
  RENAME: 0585_winter.png -> 0585-winter.png
  RENAME: 0493_15.png -> 0493-15.png
  RENAME: 0869_6.png -> 0869-6.png
  RENAME: 0666_2.png -> 0666-2.png
  RENAME: 0201_k.png -> 0201-k.png
  RENAME: 0876_1.png -> 0876-1.png
  RENAME: 0869_40.png -> 0869-40.png
  RENAME: 0869_54.png -> 0869-54.png
  RENAME: 0666_18.png -> 0666-18.png
----------------------------------------
Processing directory: ./overworld/shiny
  RENAME: 0666_15.png -> 0666-15.png
  RENAME: 0869_59.png -> 0869-59.png
  RENAME: 0774_orange.png -> 0774-orange.png
  RENAME: 0201_f.png -> 0201-f.png
  RENAME: 0493_18.png -> 0493-18.png
  RENAME: 0201_q.png -> 0201-q.png
  RENAME: 0415_1.png -> 0415-1.png
  RENAME: 0386_defense.png -> 0386-defense.png
  RENAME: 0670_white.png -> 0670-white.png
  RENAME: 0025_15.png -> 0025-15.png
  RENAME: 0351_rainy.png -> 0351-rainy.png
  RENAME: 0773_6.png -> 0773-6.png
  RENAME: 0773_7.png -> 0773-7.png
  RENAME: 0025_14.png -> 0025-14.png
  RENAME: 0745_midnight.png -> 0745-midnight.png
  RENAME: 0201_p.png -> 0201-p.png
  RENAME: 0201_g.png -> 0201-g.png
  RENAME: 0670_red.png -> 0670-red.png
  RENAME: 0586_spring.png -> 0586-spring.png
  RENAME: 0869_58.png -> 0869-58.png
  RENAME: 0666_14.png -> 0666-14.png
  RENAME: 0586_winter.png -> 0586-winter.png
  RENAME: 0666_16.png -> 0666-16.png
  RENAME: 0745_dusk.png -> 0745-dusk.png
  RENAME: 0669_white.png -> 0669-white.png
  RENAME: 0201_e.png -> 0201-e.png
  RENAME: 0869_8.png -> 0869-8.png
  RENAME: 0201_r.png -> 0201-r.png
  RENAME: 0483_origin.png -> 0483-origin.png
  RENAME: 0925_family-of-three.png -> 0925-family-of-three.png
  RENAME: 0774_violet.png -> 0774-violet.png
  RENAME: 0773_5.png -> 0773-5.png
  RENAME: 0773_4.png -> 0773-4.png
  RENAME: 0669_red.png -> 0669-red.png
  RENAME: 0201_s.png -> 0201-s.png
  RENAME: 0869_9.png -> 0869-9.png
  RENAME: 0201_d.png -> 0201-d.png
  RENAME: 0671_orange.png -> 0671-orange.png
  RENAME: 0666_17.png -> 0666-17.png
  RENAME: 0666_13.png -> 0666-13.png
  RENAME: 0676_diamond.png -> 0676-diamond.png
  RENAME: 0201_w.png -> 0201-w.png
  RENAME: 0666_9.png -> 0666-9.png
  RENAME: 0800_dawn.png -> 0800-dawn.png
  RENAME: 0025_13.png -> 0025-13.png
  RENAME: 0774_indigo.png -> 0774-indigo.png
  RENAME: 0774_blue.png -> 0774-blue.png
  RENAME: 0773_1.png -> 0773-1.png
  RENAME: 1024_terastal.png -> 1024-terastal.png
  RENAME: 0025_8_female.png -> 0025-8_female.png
  RENAME: 0479_wash.png -> 0479-wash.png
  RENAME: 0025_12.png -> 0025-12.png
  RENAME: 0666_8.png -> 0666-8.png
  RENAME: 0201_a.png -> 0201-a.png
  RENAME: 0201_v.png -> 0201-v.png
  RENAME: 0666_12.png -> 0666-12.png
  RENAME: 0869_62.png -> 0869-62.png
  RENAME: 0869_48.png -> 0869-48.png
  RENAME: 0666_10.png -> 0666-10.png
  RENAME: 0869_60.png -> 0869-60.png
  RENAME: 0201_t.png -> 0201-t.png
  RENAME: 0201_c.png -> 0201-c.png
  RENAME: 0888_crowned.png -> 0888-crowned.png
  RENAME: 0025_10.png -> 0025-10.png
  RENAME: 0773_3.png -> 0773-3.png
  RENAME: 0902_1.png -> 0902-1.png
  RENAME: 0773_2.png -> 0773-2.png
  RENAME: 1017_wellspring.png -> 1017-wellspring.png
  RENAME: 0025_11.png -> 0025-11.png
  RENAME: 0773_18.png -> 0773-18.png
  RENAME: 0718_10_power.png -> 0718-10-power.png
  RENAME: 0025_5_female.png -> 0025-5_female.png
  RENAME: 0905_therian.png -> 0905-therian.png
  RENAME: 0671_red.png -> 0671-red.png
  RENAME: 0201_b.png -> 0201-b.png
  RENAME: 0201_u.png -> 0201-u.png
  RENAME: 0422_west.png -> 0422-west.png
  RENAME: 0423_west.png -> 0423-west.png
  RENAME: 0869_61.png -> 0869-61.png
  RENAME: 0666_11.png -> 0666-11.png
  RENAME: 0800_dusk.png -> 0800-dusk.png
  RENAME: 0869_49.png -> 0869-49.png
  RENAME: 0869_12.png -> 0869-12.png
  RENAME: 0978_stretchy.png -> 0978-stretchy.png
  RENAME: 0671_white.png -> 0671-white.png
  RENAME: 0646_black.png -> 0646-black.png
  RENAME: 0676_heart.png -> 0676-heart.png
  RENAME: 0201_3F.png -> 0201-3F.png
  RENAME: 0128_paldea_combat.png -> 0128_paldea-combat.png
  RENAME: 0669_yellow.png -> 0669-yellow.png
  RENAME: 0351_sunny.png -> 0351-sunny.png
  RENAME: 0493_1.png -> 0493-1.png
  RENAME: 0585_autumn.png -> 0585-autumn.png
  RENAME: 0869_13.png -> 0869-13.png
  RENAME: 0869_11.png -> 0869-11.png
  RENAME: 0869_39.png -> 0869-39.png
  RENAME: 0671_blue.png -> 0671-blue.png
  RENAME: 0670_blue.png -> 0670-blue.png
  RENAME: 0493_3.png -> 0493-3.png
  RENAME: 0901_bloodmoon.png -> 0901-bloodmoon.png
  RENAME: 0877_hangry.png -> 0877-hangry.png
  RENAME: 0676_kabuki.png -> 0676-kabuki.png
  RENAME: 0423_east.png -> 0423-east.png
  RENAME: 0422_east.png -> 0422-east.png
  RENAME: 0649_4.png -> 0649-4.png
  RENAME: 0493_2.png -> 0493-2.png
  RENAME: 0869_38.png -> 0869-38.png
  RENAME: 0869_10.png -> 0869-10.png
  RENAME: 0869_28.png -> 0869-28.png
  RENAME: 0869_14.png -> 0869-14.png
  RENAME: 0479_heat.png -> 0479-heat.png
  RENAME: 0493_6.png -> 0493-6.png
  RENAME: 0586_summer.png -> 0586-summer.png
  RENAME: 0479_fan.png -> 0479-fan.png
  RENAME: 0978_droopy.png -> 0978-droopy.png
  RENAME: 0774_green.png -> 0774-green.png
  RENAME: 0741_pau.png -> 0741-pau.png
  RENAME: 0649_1.png -> 0649-1.png
  RENAME: 0645_therian.png -> 0645-therian.png
  RENAME: 0898_ice.png -> 0898-ice.png
  RENAME: 0493_7.png -> 0493-7.png
  RENAME: 0869_15.png -> 0869-15.png
  RENAME: 0670_5.png -> 0670-5.png
  RENAME: 0484_origin.png -> 0484-origin.png
  RENAME: 0869_29.png -> 0869-29.png
  RENAME: 0869_17.png -> 0869-17.png
  RENAME: 0493_5.png -> 0493-5.png
  RENAME: 0741_sensu.png -> 0741-sensu.png
  RENAME: 0201_21.png -> 0201-21.png
  RENAME: 0649_3.png -> 0649-3.png
  RENAME: 0025_7_female.png -> 0025-7_female.png
  RENAME: 0550_blue-striped.png -> 0550-blue-striped.png
  RENAME: 0676_dandy.png -> 0676-dandy.png
  RENAME: 0647_resolute.png -> 0647-resolute.png
  RENAME: 0670_yellow.png -> 0670-yellow.png
  RENAME: 0716_active.png -> 0716-active.png
  RENAME: 0649_2.png -> 0649-2.png
  RENAME: 0492_sky.png -> 0492-sky.png
  RENAME: 0493_4.png -> 0493-4.png
  RENAME: 1017_cornerstone.png -> 1017-cornerstone.png
  RENAME: 0869_16.png -> 0869-16.png
  RENAME: 0869_33.png -> 0869-33.png
  RENAME: 0869_27.png -> 0869-27.png
  RENAME: 0774_red.png -> 0774-red.png
  RENAME: 0487_origin.png -> 0487-origin.png
  RENAME: 0550_white-striped.png -> 0550-white-striped.png
  RENAME: 0669_orange.png -> 0669-orange.png
  RENAME: 0931_white.png -> 0931-white.png
  RENAME: 0889_crowned.png -> 0889-crowned.png
  RENAME: 0892_rapid-strike.png -> 0892-rapid-strike.png
  RENAME: 0676_pharaoh.png -> 0676-pharaoh.png
  RENAME: 0585_summer.png -> 0585-summer.png
  RENAME: 0493_8.png -> 0493-8.png
  RENAME: 0869_26.png -> 0869-26.png
  RENAME: 0869_32.png -> 0869-32.png
  RENAME: 0869_24.png -> 0869-24.png
  RENAME: 0869_30.png -> 0869-30.png
  RENAME: 0869_18.png -> 0869-18.png
  RENAME: 0916_1.png -> 0916-1.png
  RENAME: 0128_paldea_aqua.png -> 0128_paldea-aqua.png
  RENAME: 0025_4_female.png -> 0025-4_female.png
  RENAME: 0676_la-reine.png -> 0676-la-reine.png
  RENAME: 0898_shadow.png -> 0898-shadow.png
  RENAME: 0642_therian.png -> 0642-therian.png
  RENAME: 0720_unbound.png -> 0720-unbound.png
  RENAME: 0869_19.png -> 0869-19.png
  RENAME: 0869_31.png -> 0869-31.png
  RENAME: 0869_25.png -> 0869-25.png
  RENAME: 0869_21.png -> 0869-21.png
  RENAME: 0869_35.png -> 0869-35.png
  RENAME: 0586_autumn.png -> 0586-autumn.png
  RENAME: 1017_hearthflame.png -> 1017-hearthflame.png
  RENAME: 0351_snowy.png -> 0351-snowy.png
  RENAME: 0412_trash.png -> 0412-trash.png
  RENAME: 0025_9.png -> 0025-9.png
  RENAME: 0412_sandy.png -> 0412-sandy.png
  RENAME: 0648_pirouette.png -> 0648-pirouette.png
  RENAME: 0931_blue.png -> 0931-blue.png
  RENAME: 0869_34.png -> 0869-34.png
  RENAME: 0869_20.png -> 0869-20.png
  RENAME: 0869_36.png -> 0869-36.png
  RENAME: 0869_22.png -> 0869-22.png
  RENAME: 0669_blue.png -> 0669-blue.png
  RENAME: 0676_star.png -> 0676-star.png
  RENAME: 0670_orange.png -> 0670-orange.png
  RENAME: 0869_23.png -> 0869-23.png
  RENAME: 0869_37.png -> 0869-37.png
  RENAME: 0741_pom-pom.png -> 0741-pom-pom.png
  RENAME: 0869_50.png -> 0869-50.png
  RENAME: 0869_44.png -> 0869-44.png
  RENAME: 0774_yellow.png -> 0774-yellow.png
  RENAME: 0999_roaming.png -> 0999-roaming.png
  RENAME: 0869_2.png -> 0869-2.png
  RENAME: 0646_white.png -> 0646-white.png
  RENAME: 0201_x.png -> 0201-x.png
  RENAME: 0493_11.png -> 0493-11.png
  RENAME: 0201_o.png -> 0201-o.png
  RENAME: 0666_6.png -> 0666-6.png
  RENAME: 0773_15.png -> 0773-15.png
  RENAME: 0676_matron.png -> 0676-matron.png
  RENAME: 0773_14.png -> 0773-14.png
  RENAME: 0931_yellow.png -> 0931-yellow.png
  RENAME: 0201_n.png -> 0201-n.png
  RENAME: 0666_7.png -> 0666-7.png
  RENAME: 0201_y.png -> 0201-y.png
  RENAME: 0493_10.png -> 0493-10.png
  RENAME: 0869_3.png -> 0869-3.png
  RENAME: 0869_45.png -> 0869-45.png
  RENAME: 0869_51.png -> 0869-51.png
  RENAME: 0869_47.png -> 0869-47.png
  RENAME: 0869_53.png -> 0869-53.png
  RENAME: 0025_6_female.png -> 0025-6_female.png
  RENAME: 0493_12.png -> 0493-12.png
  RENAME: 0869_1.png -> 0869-1.png
  RENAME: 0666_5.png -> 0666-5.png
  RENAME: 0201_l.png -> 0201-l.png
  RENAME: 0773_16.png -> 0773-16.png
  RENAME: 0479_mow.png -> 0479-mow.png
  RENAME: 0128_paldea_blaze.png -> 0128_paldea-blaze.png
  RENAME: 0773_17.png -> 0773-17.png
  RENAME: 0849_low-key.png -> 0849-low-key.png
  RENAME: 0666_4.png -> 0666-4.png
  RENAME: 0201_m.png -> 0201-m.png
  RENAME: 0493_13.png -> 0493-13.png
  RENAME: 0201_z.png -> 0201-z.png
  RENAME: 0671_yellow.png -> 0671-yellow.png
  RENAME: 0869_52.png -> 0869-52.png
  RENAME: 0869_46.png -> 0869-46.png
  RENAME: 0869_42.png -> 0869-42.png
  RENAME: 0869_56.png -> 0869-56.png
  RENAME: 0641_therian.png -> 0641-therian.png
  RENAME: 0386_speed.png -> 0386-speed.png
  RENAME: 0201_i.png -> 0201-i.png
  RENAME: 0493_17.png -> 0493-17.png
  RENAME: 0869_4.png -> 0869-4.png
  RENAME: 0585_spring.png -> 0585-spring.png
  RENAME: 0386_attack.png -> 0386-attack.png
  RENAME: 0773_13.png -> 0773-13.png
  RENAME: 0025_3_female.png -> 0025-3_female.png
  RENAME: 0773_8.png -> 0773-8.png
  RENAME: 0801_original.png -> 0801-original.png
  RENAME: 0964_hero.png -> 0964-hero.png
  RENAME: 0773_12.png -> 0773-12.png
  RENAME: 0479_frost.png -> 0479-frost.png
  RENAME: 0869_5.png -> 0869-5.png
  RENAME: 0493_16.png -> 0493-16.png
  RENAME: 0201_h.png -> 0201-h.png
  RENAME: 0413_trash.png -> 0413-trash.png
  RENAME: 0666_1.png -> 0666-1.png
  RENAME: 0413_sandy.png -> 0413-sandy.png
  RENAME: 0869_57.png -> 0869-57.png
  RENAME: 0869_43.png -> 0869-43.png
  RENAME: 0666_19.png -> 0666-19.png
  RENAME: 0869_55.png -> 0869-55.png
  RENAME: 0869_41.png -> 0869-41.png
  RENAME: 0982_three-segment.png -> 0982-three-segment.png
  RENAME: 0666_3.png -> 0666-3.png
  RENAME: 0201_j.png -> 0201-j.png
  RENAME: 0869_7.png -> 0869-7.png
  RENAME: 0493_14.png -> 0493-14.png
  RENAME: 0773_10.png -> 0773-10.png
  RENAME: 0676_debutante.png -> 0676-debutante.png
  RENAME: 0773_11.png -> 0773-11.png
  RENAME: 0585_winter.png -> 0585-winter.png
  RENAME: 0493_15.png -> 0493-15.png
  RENAME: 0869_6.png -> 0869-6.png
  RENAME: 0666_2.png -> 0666-2.png
  RENAME: 0201_k.png -> 0201-k.png
  RENAME: 0876_1.png -> 0876-1.png
  RENAME: 0869_40.png -> 0869-40.png
  RENAME: 0869_54.png -> 0869-54.png
  RENAME: 0666_18.png -> 0666-18.png
----------------------------------------
Processing directory: ./front
  RENAME: 0666_15.png -> 0666-15.png
  RENAME: 0869_59.png -> 0869-59.png
  RENAME: 0150_mega-x.png -> 0150-mega-x.png
  RENAME: 0774_orange.png -> 0774-orange.png
  RENAME: 0201_f.png -> 0201-f.png
  RENAME: 0493_18.png -> 0493-18.png
  RENAME: 0201_q.png -> 0201-q.png
  RENAME: 0386_defense.png -> 0386-defense.png
  RENAME: 0670_white.png -> 0670-white.png
  RENAME: 0025_15.png -> 0025-15.png
  RENAME: 0351_rainy.png -> 0351-rainy.png
  RENAME: 0791_1.png -> 0791-1.png
  RENAME: 0802_1.png -> 0802-1.png
  RENAME: 0773_6.png -> 0773-6.png
  RENAME: 0773_7.png -> 0773-7.png
  RENAME: 0554_1.png -> 0554-1.png
  RENAME: 0025_14.png -> 0025-14.png
  RENAME: 0745_midnight.png -> 0745-midnight.png
  RENAME: 0201_p.png -> 0201-p.png
  RENAME: 0201_g.png -> 0201-g.png
  RENAME: 0670_red.png -> 0670-red.png
  RENAME: 0306_mega.png -> 0306-mega.png
  RENAME: 0150_mega-y.png -> 0150-mega-y.png
  RENAME: 0586_spring.png -> 0586-spring.png
  RENAME: 0869_58.png -> 0869-58.png
  RENAME: 0666_14.png -> 0666-14.png
  RENAME: 0586_winter.png -> 0586-winter.png
  RENAME: 0666_16.png -> 0666-16.png
  RENAME: 1024_stellar.png -> 1024-stellar.png
  RENAME: 0745_dusk.png -> 0745-dusk.png
  RENAME: 1017_10.png -> 1017-10.png
  RENAME: 0669_white.png -> 0669-white.png
  RENAME: 0201_e.png -> 0201-e.png
  RENAME: 0869_8.png -> 0869-8.png
  RENAME: 0201_r.png -> 0201-r.png
  RENAME: 0483_origin.png -> 0483-origin.png
  RENAME: 0925_family-of-three.png -> 0925-family-of-three.png
  RENAME: 0448_mega.png -> 0448-mega.png
  RENAME: 0025_16.png -> 0025-16.png
  RENAME: 0774_violet.png -> 0774-violet.png
  RENAME: 1017_8.png -> 1017-8.png
  RENAME: 0773_5.png -> 0773-5.png
  RENAME: 0015_mega.png -> 0015-mega.png
  RENAME: 0773_4.png -> 0773-4.png
  RENAME: 1017_9.png -> 1017-9.png
  RENAME: 0669_red.png -> 0669-red.png
  RENAME: 0201_s.png -> 0201-s.png
  RENAME: 0869_9.png -> 0869-9.png
  RENAME: 0681_blade.png -> 0681-blade.png
  RENAME: 0201_d.png -> 0201-d.png
  RENAME: 1017_11.png -> 1017-11.png
  RENAME: 0671_orange.png -> 0671-orange.png
  RENAME: 0666_17.png -> 0666-17.png
  RENAME: 0719_mega.png -> 0719-mega.png
  RENAME: 0666_13.png -> 0666-13.png
  RENAME: 0676_diamond.png -> 0676-diamond.png
  RENAME: 0201_w.png -> 0201-w.png
  RENAME: 0666_9.png -> 0666-9.png
  RENAME: 0800_dawn.png -> 0800-dawn.png
  RENAME: 0025_13.png -> 0025-13.png
  RENAME: 0774_indigo.png -> 0774-indigo.png
  RENAME: 0774_blue.png -> 0774-blue.png
  RENAME: .DS_Store -> .DS-Store
  RENAME: 0009_mega.png -> 0009-mega.png
  RENAME: 0710_3.png -> 0710-3.png
  RENAME: 0800_4.png -> 0800-4.png
  RENAME: 0710_2.png -> 0710-2.png
  RENAME: 0773_1.png -> 0773-1.png
  RENAME: 1024_terastal.png -> 1024-terastal.png
  RENAME: 0479_wash.png -> 0479-wash.png
  RENAME: 0025_12.png -> 0025-12.png
  RENAME: 0666_8.png -> 0666-8.png
  RENAME: 0201_a.png -> 0201-a.png
  RENAME: 0201_v.png -> 0201-v.png
  RENAME: 0359_mega.png -> 0359-mega.png
  RENAME: 0666_12.png -> 0666-12.png
  RENAME: 0869_62.png -> 0869-62.png
  RENAME: 0869_48.png -> 0869-48.png
  RENAME: 0666_10.png -> 0666-10.png
  RENAME: 0869_60.png -> 0869-60.png
  RENAME: 0003_mega.png -> 0003-mega.png
  RENAME: 0201_t.png -> 0201-t.png
  RENAME: 0201_c.png -> 0201-c.png
  RENAME: 0888_crowned.png -> 0888-crowned.png
  RENAME: 0025_10.png -> 0025-10.png
  RENAME: 0142_mega.png -> 0142-mega.png
  RENAME: 0773_3.png -> 0773-3.png
  RENAME: 0773_2.png -> 0773-2.png
  RENAME: 0710_1.png -> 0710-1.png
  RENAME: 1017_wellspring.png -> 1017-wellspring.png
  RENAME: 0025_11.png -> 0025-11.png
  RENAME: 0460_mega.png -> 0460-mega.png
  RENAME: 0773_18.png -> 0773-18.png
  RENAME: 0718_10_power.png -> 0718-10-power.png
  RENAME: 0905_therian.png -> 0905-therian.png
  RENAME: 0671_red.png -> 0671-red.png
  RENAME: 0212_mega.png -> 0212-mega.png
  RENAME: 0201_b.png -> 0201-b.png
  RENAME: 0201_u.png -> 0201-u.png
  RENAME: 0422_west.png -> 0422-west.png
  RENAME: 0423_west.png -> 0423-west.png
  RENAME: 0428_mega.png -> 0428-mega.png
  RENAME: 0869_61.png -> 0869-61.png
  RENAME: 0666_11.png -> 0666-11.png
  RENAME: 0800_dusk.png -> 0800-dusk.png
  RENAME: 0869_49.png -> 0869-49.png
  RENAME: 0869_12.png -> 0869-12.png
  RENAME: 0978_stretchy.png -> 0978-stretchy.png
  RENAME: 0671_white.png -> 0671-white.png
  RENAME: 0646_black.png -> 0646-black.png
  RENAME: 0676_heart.png -> 0676-heart.png
  RENAME: 0201_3F.png -> 0201-3F.png
  RENAME: 0128_paldea_combat.png -> 0128_paldea-combat.png
  RENAME: 0025_7.png -> 0025-7.png
  RENAME: 0669_yellow.png -> 0669-yellow.png
  RENAME: 0384_mega.png -> 0384-mega.png
  RENAME: 0025_6.png -> 0025-6.png
  RENAME: 0351_sunny.png -> 0351-sunny.png
  RENAME: 0257_mega.png -> 0257-mega.png
  RENAME: 0493_1.png -> 0493-1.png
  RENAME: 0585_autumn.png -> 0585-autumn.png
  RENAME: 0792_1.png -> 0792-1.png
  RENAME: 0869_13.png -> 0869-13.png
  RENAME: 0869_11.png -> 0869-11.png
  RENAME: 0869_39.png -> 0869-39.png
  RENAME: 0671_blue.png -> 0671-blue.png
  RENAME: 0670_blue.png -> 0670-blue.png
  RENAME: 0658_ash.png -> 0658-ash.png
  RENAME: 0493_3.png -> 0493-3.png
  RENAME: 0901_bloodmoon.png -> 0901-bloodmoon.png
  RENAME: 0877_hangry.png -> 0877-hangry.png
  RENAME: 0323_mega.png -> 0323-mega.png
  RENAME: 0676_kabuki.png -> 0676-kabuki.png
  RENAME: 0025_4.png -> 0025-4.png
  RENAME: 0423_east.png -> 0423-east.png
  RENAME: 0422_east.png -> 0422-east.png
  RENAME: 0354_mega.png -> 0354-mega.png
  RENAME: 0025_5.png -> 0025-5.png
  RENAME: 0649_4.png -> 0649-4.png
  RENAME: 0493_2.png -> 0493-2.png
  RENAME: 0214_mega.png -> 0214-mega.png
  RENAME: 0869_38.png -> 0869-38.png
  RENAME: 0869_10.png -> 0869-10.png
  RENAME: 0869_28.png -> 0869-28.png
  RENAME: 0869_14.png -> 0869-14.png
  RENAME: 0479_heat.png -> 0479-heat.png
  RENAME: 0376_mega.png -> 0376-mega.png
  RENAME: 0493_6.png -> 0493-6.png
  RENAME: 0445_mega.png -> 0445-mega.png
  RENAME: 0586_summer.png -> 0586-summer.png
  RENAME: 0383_primal.png -> 0383-primal.png
  RENAME: 0018_mega.png -> 0018-mega.png
  RENAME: 0479_fan.png -> 0479-fan.png
  RENAME: 0978_droopy.png -> 0978-droopy.png
  RENAME: 0774_green.png -> 0774-green.png
  RENAME: 0741_pau.png -> 0741-pau.png
  RENAME: 0649_1.png -> 0649-1.png
  RENAME: 0645_therian.png -> 0645-therian.png
  RENAME: 0898_ice.png -> 0898-ice.png
  RENAME: 0208_mega.png -> 0208-mega.png
  RENAME: 0493_7.png -> 0493-7.png
  RENAME: 0869_15.png -> 0869-15.png
  RENAME: 0670_5.png -> 0670-5.png
  RENAME: 0711_1.png -> 0711-1.png
  RENAME: 0484_origin.png -> 0484-origin.png
  RENAME: 0869_29.png -> 0869-29.png
  RENAME: 0869_17.png -> 0869-17.png
  RENAME: 0711_3.png -> 0711-3.png
  RENAME: 0493_5.png -> 0493-5.png
  RENAME: 0741_sensu.png -> 0741-sensu.png
  RENAME: 0334_mega.png -> 0334-mega.png
  RENAME: 0201_21.png -> 0201-21.png
  RENAME: 0649_3.png -> 0649-3.png
  RENAME: 0025_2.png -> 0025-2.png
  RENAME: 0550_blue-striped.png -> 0550-blue-striped.png
  RENAME: 0080_mega.png -> 0080-mega.png
  RENAME: 0676_dandy.png -> 0676-dandy.png
  RENAME: 0531_mega.png -> 0531-mega.png
  RENAME: 0647_resolute.png -> 0647-resolute.png
  RENAME: 0065_mega.png -> 0065-mega.png
  RENAME: 0670_yellow.png -> 0670-yellow.png
  RENAME: 0025_3.png -> 0025-3.png
  RENAME: 0716_active.png -> 0716-active.png
  RENAME: 0649_2.png -> 0649-2.png
  RENAME: 0492_sky.png -> 0492-sky.png
  RENAME: 0493_4.png -> 0493-4.png
  RENAME: 1017_cornerstone.png -> 1017-cornerstone.png
  RENAME: 0711_2.png -> 0711-2.png
  RENAME: 0869_16.png -> 0869-16.png
  RENAME: 0555_galar_zen.png -> 0555_galar-zen.png
  RENAME: 0869_33.png -> 0869-33.png
  RENAME: 0869_27.png -> 0869-27.png
  RENAME: 0774_red.png -> 0774-red.png
  RENAME: 0487_origin.png -> 0487-origin.png
  RENAME: 0550_white-striped.png -> 0550-white-striped.png
  RENAME: 0669_orange.png -> 0669-orange.png
  RENAME: 0931_white.png -> 0931-white.png
  RENAME: 0889_crowned.png -> 0889-crowned.png
  RENAME: 0892_rapid-strike.png -> 0892-rapid-strike.png
  RENAME: 0676_pharaoh.png -> 0676-pharaoh.png
  RENAME: 0585_summer.png -> 0585-summer.png
  RENAME: 0319_mega.png -> 0319-mega.png
  RENAME: 0493_8.png -> 0493-8.png
  RENAME: 0845_gorging.png -> 0845-gorging.png
  RENAME: 0282_mega.png -> 0282-mega.png
  RENAME: 0869_26.png -> 0869-26.png
  RENAME: 0869_32.png -> 0869-32.png
  RENAME: 0869_24.png -> 0869-24.png
  RENAME: 0869_30.png -> 0869-30.png
  RENAME: 0869_18.png -> 0869-18.png
  RENAME: 0128_paldea_aqua.png -> 0128_paldea-aqua.png
  RENAME: 0381_mega.png -> 0381-mega.png
  RENAME: 0380_mega.png -> 0380-mega.png
  RENAME: 0746_school.png -> 0746-school.png
  RENAME: 0893_dada.png -> 0893-dada.png
  RENAME: 0676_la-reine.png -> 0676-la-reine.png
  RENAME: 0898_shadow.png -> 0898-shadow.png
  RENAME: 0555_zen.png -> 0555-zen.png
  RENAME: 0642_therian.png -> 0642-therian.png
  RENAME: 0720_unbound.png -> 0720-unbound.png
  RENAME: 0869_19.png -> 0869-19.png
  RENAME: 0869_31.png -> 0869-31.png
  RENAME: 0869_25.png -> 0869-25.png
  RENAME: 0869_21.png -> 0869-21.png
  RENAME: 0869_35.png -> 0869-35.png
  RENAME: 0586_autumn.png -> 0586-autumn.png
  RENAME: 1017_hearthflame.png -> 1017-hearthflame.png
  RENAME: 0888_2.png -> 0888-2.png
  RENAME: 0778_1.png -> 0778-1.png
  RENAME: 0025_8.png -> 0025-8.png
  RENAME: 0351_snowy.png -> 0351-snowy.png
  RENAME: 0412_trash.png -> 0412-trash.png
  RENAME: 0025_9.png -> 0025-9.png
  RENAME: 0412_sandy.png -> 0412-sandy.png
  RENAME: 0648_pirouette.png -> 0648-pirouette.png
  RENAME: 0931_blue.png -> 0931-blue.png
  RENAME: 0475_mega.png -> 0475-mega.png
  RENAME: 0869_34.png -> 0869-34.png
  RENAME: 0869_20.png -> 0869-20.png
  RENAME: 0869_36.png -> 0869-36.png
  RENAME: 0869_22.png -> 0869-22.png
  RENAME: 0115_mega.png -> 0115-mega.png
  RENAME: 0373_mega.png -> 0373-mega.png
  RENAME: 0669_blue.png -> 0669-blue.png
  RENAME: 0676_star.png -> 0676-star.png
  RENAME: 0845_gulping.png -> 0845-gulping.png
  RENAME: 0670_orange.png -> 0670-orange.png
  RENAME: 0869_23.png -> 0869-23.png
  RENAME: 0869_37.png -> 0869-37.png
  RENAME: 0741_pom-pom.png -> 0741-pom-pom.png
  RENAME: 0869_50.png -> 0869-50.png
  RENAME: 0869_44.png -> 0869-44.png
  RENAME: 0774_yellow.png -> 0774-yellow.png
  RENAME: 0999_roaming.png -> 0999-roaming.png
  RENAME: 0869_2.png -> 0869-2.png
  RENAME: 0646_white.png -> 0646-white.png
  RENAME: 0201_x.png -> 0201-x.png
  RENAME: 0493_11.png -> 0493-11.png
  RENAME: 0201_o.png -> 0201-o.png
  RENAME: 0666_6.png -> 0666-6.png
  RENAME: 0646_3.png -> 0646-3.png
  RENAME: 0773_15.png -> 0773-15.png
  RENAME: 0006_mega-x.png -> 0006-mega-x.png
  RENAME: 0382_primal.png -> 0382-primal.png
  RENAME: 0323_1_female.png -> 0323-1_female.png
  RENAME: 0006_mega-y.png -> 0006-mega-y.png
  RENAME: 0676_matron.png -> 0676-matron.png
  RENAME: 0308_mega.png -> 0308-mega.png
  RENAME: 0773_14.png -> 0773-14.png
  RENAME: 0931_yellow.png -> 0931-yellow.png
  RENAME: 0201_n.png -> 0201-n.png
  RENAME: 0248_mega.png -> 0248-mega.png
  RENAME: 0666_7.png -> 0666-7.png
  RENAME: 0201_y.png -> 0201-y.png
  RENAME: 0493_10.png -> 0493-10.png
  RENAME: 0869_3.png -> 0869-3.png
  RENAME: 0127_mega.png -> 0127-mega.png
  RENAME: 0869_45.png -> 0869-45.png
  RENAME: 0869_51.png -> 0869-51.png
  RENAME: 0869_47.png -> 0869-47.png
  RENAME: 0869_53.png -> 0869-53.png
  RENAME: 0493_12.png -> 0493-12.png
  RENAME: 0869_1.png -> 0869-1.png
  RENAME: 0666_5.png -> 0666-5.png
  RENAME: 0201_l.png -> 0201-l.png
  RENAME: 0181_mega.png -> 0181-mega.png
  RENAME: 0421_sunshine.png -> 0421-sunshine.png
  RENAME: 0773_16.png -> 0773-16.png
  RENAME: 0479_mow.png -> 0479-mow.png
  RENAME: 0800_ultra.png -> 0800-ultra.png
  RENAME: 0128_paldea_blaze.png -> 0128_paldea-blaze.png
  RENAME: 0773_17.png -> 0773-17.png
  RENAME: 0849_low-key.png -> 0849-low-key.png
  RENAME: 0666_4.png -> 0666-4.png
  RENAME: 0201_m.png -> 0201-m.png
  RENAME: 0303_mega.png -> 0303-mega.png
  RENAME: 0493_13.png -> 0493-13.png
  RENAME: 0302_mega.png -> 0302-mega.png
  RENAME: 0201_z.png -> 0201-z.png
  RENAME: 0671_yellow.png -> 0671-yellow.png
  RENAME: 0869_52.png -> 0869-52.png
  RENAME: 0869_46.png -> 0869-46.png
  RENAME: 0869_42.png -> 0869-42.png
  RENAME: 0869_56.png -> 0869-56.png
  RENAME: 0641_therian.png -> 0641-therian.png
  RENAME: 0718_3.png -> 0718-3.png
  RENAME: 0094_mega.png -> 0094-mega.png
  RENAME: 0386_speed.png -> 0386-speed.png
  RENAME: 0201_i.png -> 0201-i.png
  RENAME: 0260_mega.png -> 0260-mega.png
  RENAME: 0493_17.png -> 0493-17.png
  RENAME: 0869_4.png -> 0869-4.png
  RENAME: 0585_spring.png -> 0585-spring.png
  RENAME: 0386_attack.png -> 0386-attack.png
  RENAME: 0773_13.png -> 0773-13.png
  RENAME: 0718_complete.png -> 0718-complete.png
  RENAME: 0025_3_female.png -> 0025-3_female.png
  RENAME: 1017_4.png -> 1017-4.png
  RENAME: 0229_mega.png -> 0229-mega.png
  RENAME: 0773_8.png -> 0773-8.png
  RENAME: 0130_mega.png -> 0130-mega.png
  RENAME: 0801_original.png -> 0801-original.png
  RENAME: 1017_5.png -> 1017-5.png
  RENAME: 0875_noice.png -> 0875-noice.png
  RENAME: 0964_hero.png -> 0964-hero.png
  RENAME: 0646_4.png -> 0646-4.png
  RENAME: 0773_12.png -> 0773-12.png
  RENAME: 0479_frost.png -> 0479-frost.png
  RENAME: 0869_5.png -> 0869-5.png
  RENAME: 0493_16.png -> 0493-16.png
  RENAME: 0201_h.png -> 0201-h.png
  RENAME: 0413_trash.png -> 0413-trash.png
  RENAME: 0666_1.png -> 0666-1.png
  RENAME: 0413_sandy.png -> 0413-sandy.png
  RENAME: 0869_57.png -> 0869-57.png
  RENAME: 0869_43.png -> 0869-43.png
  RENAME: 0666_19.png -> 0666-19.png
  RENAME: 0869_55.png -> 0869-55.png
  RENAME: 0869_41.png -> 0869-41.png
  RENAME: 0982_three-segment.png -> 0982-three-segment.png
  RENAME: 0666_3.png -> 0666-3.png
  RENAME: 0889_2.png -> 0889-2.png
  RENAME: 0201_j.png -> 0201-j.png
  RENAME: 0869_7.png -> 0869-7.png
  RENAME: 0493_14.png -> 0493-14.png
  RENAME: 0310_1.png -> 0310-1.png
  RENAME: 0773_10.png -> 0773-10.png
  RENAME: 0676_debutante.png -> 0676-debutante.png
  RENAME: 1017_7.png -> 1017-7.png
  RENAME: 0362_mega.png -> 0362-mega.png
  RENAME: 1017_6.png -> 1017-6.png
  RENAME: 0773_11.png -> 0773-11.png
  RENAME: 0585_winter.png -> 0585-winter.png
  RENAME: 0254_mega.png -> 0254-mega.png
  RENAME: 0493_15.png -> 0493-15.png
  RENAME: 0869_6.png -> 0869-6.png
  RENAME: 0666_2.png -> 0666-2.png
  RENAME: 0201_k.png -> 0201-k.png
  RENAME: 0876_1.png -> 0876-1.png
  RENAME: 0869_40.png -> 0869-40.png
  RENAME: 0869_54.png -> 0869-54.png
  RENAME: 0666_18.png -> 0666-18.png
----------------------------------------
Processing directory: ./front/shiny
  RENAME: 0666_15.png -> 0666-15.png
  RENAME: 0869_59.png -> 0869-59.png
  RENAME: 0150_mega-x.png -> 0150-mega-x.png
  RENAME: 0774_orange.png -> 0774-orange.png
  RENAME: 0201_f.png -> 0201-f.png
  RENAME: 0493_18.png -> 0493-18.png
  RENAME: 0201_q.png -> 0201-q.png
  RENAME: 0386_defense.png -> 0386-defense.png
  RENAME: 0670_white.png -> 0670-white.png
  RENAME: 0025_15.png -> 0025-15.png
  RENAME: 0351_rainy.png -> 0351-rainy.png
  RENAME: 0791_1.png -> 0791-1.png
  RENAME: 0802_1.png -> 0802-1.png
  RENAME: 0773_6.png -> 0773-6.png
  RENAME: 0773_7.png -> 0773-7.png
  RENAME: 0554_1.png -> 0554-1.png
  RENAME: 0025_14.png -> 0025-14.png
  RENAME: 0745_midnight.png -> 0745-midnight.png
  RENAME: 0201_p.png -> 0201-p.png
  RENAME: 0201_g.png -> 0201-g.png
  RENAME: 0670_red.png -> 0670-red.png
  RENAME: 0306_mega.png -> 0306-mega.png
  RENAME: 0150_mega-y.png -> 0150-mega-y.png
  RENAME: 0586_spring.png -> 0586-spring.png
  RENAME: 0869_58.png -> 0869-58.png
  RENAME: 0666_14.png -> 0666-14.png
  RENAME: 0586_winter.png -> 0586-winter.png
  RENAME: 0666_16.png -> 0666-16.png
  RENAME: 1024_stellar.png -> 1024-stellar.png
  RENAME: 0745_dusk.png -> 0745-dusk.png
  RENAME: 1017_10.png -> 1017-10.png
  RENAME: 0669_white.png -> 0669-white.png
  RENAME: 0201_e.png -> 0201-e.png
  RENAME: 0869_8.png -> 0869-8.png
  RENAME: 0201_r.png -> 0201-r.png
  RENAME: 0483_origin.png -> 0483-origin.png
  RENAME: 0925_family-of-three.png -> 0925-family-of-three.png
  RENAME: 0448_mega.png -> 0448-mega.png
  RENAME: 0025_16.png -> 0025-16.png
  RENAME: 0774_violet.png -> 0774-violet.png
  RENAME: 1017_8.png -> 1017-8.png
  RENAME: 0773_5.png -> 0773-5.png
  RENAME: 0015_mega.png -> 0015-mega.png
  RENAME: 0773_4.png -> 0773-4.png
  RENAME: 1017_9.png -> 1017-9.png
  RENAME: 0669_red.png -> 0669-red.png
  RENAME: 0201_s.png -> 0201-s.png
  RENAME: 0869_9.png -> 0869-9.png
  RENAME: 0681_blade.png -> 0681-blade.png
  RENAME: 0201_d.png -> 0201-d.png
  RENAME: 1017_11.png -> 1017-11.png
  RENAME: 0671_orange.png -> 0671-orange.png
  RENAME: 0666_17.png -> 0666-17.png
  RENAME: 0719_mega.png -> 0719-mega.png
  RENAME: 0666_13.png -> 0666-13.png
  RENAME: 0676_diamond.png -> 0676-diamond.png
  RENAME: 0201_w.png -> 0201-w.png
  RENAME: 0666_9.png -> 0666-9.png
  RENAME: 0800_dawn.png -> 0800-dawn.png
  RENAME: 0025_13.png -> 0025-13.png
  RENAME: 0774_indigo.png -> 0774-indigo.png
  RENAME: 0774_blue.png -> 0774-blue.png
  RENAME: 0009_mega.png -> 0009-mega.png
  RENAME: 0710_3.png -> 0710-3.png
  RENAME: 0800_4.png -> 0800-4.png
  RENAME: 0710_2.png -> 0710-2.png
  RENAME: 0773_1.png -> 0773-1.png
  RENAME: 1024_terastal.png -> 1024-terastal.png
  RENAME: 0479_wash.png -> 0479-wash.png
  RENAME: 0025_12.png -> 0025-12.png
  RENAME: 0666_8.png -> 0666-8.png
  RENAME: 0201_a.png -> 0201-a.png
  RENAME: 0201_v.png -> 0201-v.png
  RENAME: 0359_mega.png -> 0359-mega.png
  RENAME: 0666_12.png -> 0666-12.png
  RENAME: 0869_62.png -> 0869-62.png
  RENAME: 0869_48.png -> 0869-48.png
  RENAME: 0666_10.png -> 0666-10.png
  RENAME: 0869_60.png -> 0869-60.png
  RENAME: 0003_mega.png -> 0003-mega.png
  RENAME: 0201_t.png -> 0201-t.png
  RENAME: 0201_c.png -> 0201-c.png
  RENAME: 0888_crowned.png -> 0888-crowned.png
  RENAME: 0025_10.png -> 0025-10.png
  RENAME: 0142_mega.png -> 0142-mega.png
  RENAME: 0773_3.png -> 0773-3.png
  RENAME: 0773_2.png -> 0773-2.png
  RENAME: 0710_1.png -> 0710-1.png
  RENAME: 1017_wellspring.png -> 1017-wellspring.png
  RENAME: 0025_11.png -> 0025-11.png
  RENAME: 0460_mega.png -> 0460-mega.png
  RENAME: 0773_18.png -> 0773-18.png
  RENAME: 0718_10_power.png -> 0718-10-power.png
  RENAME: 0905_therian.png -> 0905-therian.png
  RENAME: 0671_red.png -> 0671-red.png
  RENAME: 0212_mega.png -> 0212-mega.png
  RENAME: 0201_b.png -> 0201-b.png
  RENAME: 0201_u.png -> 0201-u.png
  RENAME: 0422_west.png -> 0422-west.png
  RENAME: 0423_west.png -> 0423-west.png
  RENAME: 0428_mega.png -> 0428-mega.png
  RENAME: 0869_61.png -> 0869-61.png
  RENAME: 0666_11.png -> 0666-11.png
  RENAME: 0800_dusk.png -> 0800-dusk.png
  RENAME: 0869_49.png -> 0869-49.png
  RENAME: 0869_12.png -> 0869-12.png
  RENAME: 0978_stretchy.png -> 0978-stretchy.png
  RENAME: 0671_white.png -> 0671-white.png
  RENAME: 0646_black.png -> 0646-black.png
  RENAME: 0676_heart.png -> 0676-heart.png
  RENAME: 0201_3F.png -> 0201-3F.png
  RENAME: 0128_paldea_combat.png -> 0128_paldea-combat.png
  RENAME: 0025_7.png -> 0025-7.png
  RENAME: 0669_yellow.png -> 0669-yellow.png
  RENAME: 0384_mega.png -> 0384-mega.png
  RENAME: 0025_6.png -> 0025-6.png
  RENAME: 0351_sunny.png -> 0351-sunny.png
  RENAME: 0257_mega.png -> 0257-mega.png
  RENAME: 0493_1.png -> 0493-1.png
  RENAME: 0585_autumn.png -> 0585-autumn.png
  RENAME: 0792_1.png -> 0792-1.png
  RENAME: 0869_13.png -> 0869-13.png
  RENAME: 0869_11.png -> 0869-11.png
  RENAME: 0869_39.png -> 0869-39.png
  RENAME: 0671_blue.png -> 0671-blue.png
  RENAME: 0670_blue.png -> 0670-blue.png
  RENAME: 0658_ash.png -> 0658-ash.png
  RENAME: 0493_3.png -> 0493-3.png
  RENAME: 0901_bloodmoon.png -> 0901-bloodmoon.png
  RENAME: 0877_hangry.png -> 0877-hangry.png
  RENAME: 0323_mega.png -> 0323-mega.png
  RENAME: 0676_kabuki.png -> 0676-kabuki.png
  RENAME: 0025_4.png -> 0025-4.png
  RENAME: 0423_east.png -> 0423-east.png
  RENAME: 0422_east.png -> 0422-east.png
  RENAME: 0354_mega.png -> 0354-mega.png
  RENAME: 0025_5.png -> 0025-5.png
  RENAME: 0649_4.png -> 0649-4.png
  RENAME: 0493_2.png -> 0493-2.png
  RENAME: 0214_mega.png -> 0214-mega.png
  RENAME: 0869_38.png -> 0869-38.png
  RENAME: 0869_10.png -> 0869-10.png
  RENAME: 0869_28.png -> 0869-28.png
  RENAME: 0869_14.png -> 0869-14.png
  RENAME: 0479_heat.png -> 0479-heat.png
  RENAME: 0376_mega.png -> 0376-mega.png
  RENAME: 0493_6.png -> 0493-6.png
  RENAME: 0445_mega.png -> 0445-mega.png
  RENAME: 0586_summer.png -> 0586-summer.png
  RENAME: 0383_primal.png -> 0383-primal.png
  RENAME: 0018_mega.png -> 0018-mega.png
  RENAME: 0479_fan.png -> 0479-fan.png
  RENAME: 0978_droopy.png -> 0978-droopy.png
  RENAME: 0774_green.png -> 0774-green.png
  RENAME: 0741_pau.png -> 0741-pau.png
  RENAME: 0649_1.png -> 0649-1.png
  RENAME: 0645_therian.png -> 0645-therian.png
  RENAME: 0898_ice.png -> 0898-ice.png
  RENAME: 0208_mega.png -> 0208-mega.png
  RENAME: 0493_7.png -> 0493-7.png
  RENAME: 0869_15.png -> 0869-15.png
  RENAME: 0670_5.png -> 0670-5.png
  RENAME: 0711_1.png -> 0711-1.png
  RENAME: 0484_origin.png -> 0484-origin.png
  RENAME: 0869_29.png -> 0869-29.png
  RENAME: 0869_17.png -> 0869-17.png
  RENAME: 0711_3.png -> 0711-3.png
  RENAME: 0493_5.png -> 0493-5.png
  RENAME: 0741_sensu.png -> 0741-sensu.png
  RENAME: 0334_mega.png -> 0334-mega.png
  RENAME: 0201_21.png -> 0201-21.png
  RENAME: 0649_3.png -> 0649-3.png
  RENAME: 0025_2.png -> 0025-2.png
  RENAME: 0550_blue-striped.png -> 0550-blue-striped.png
  RENAME: 0080_mega.png -> 0080-mega.png
  RENAME: 0676_dandy.png -> 0676-dandy.png
  RENAME: 0531_mega.png -> 0531-mega.png
  RENAME: 0647_resolute.png -> 0647-resolute.png
  RENAME: 0065_mega.png -> 0065-mega.png
  RENAME: 0670_yellow.png -> 0670-yellow.png
  RENAME: 0025_3.png -> 0025-3.png
  RENAME: 0716_active.png -> 0716-active.png
  RENAME: 0649_2.png -> 0649-2.png
  RENAME: 0492_sky.png -> 0492-sky.png
  RENAME: 0493_4.png -> 0493-4.png
  RENAME: 1017_cornerstone.png -> 1017-cornerstone.png
  RENAME: 0711_2.png -> 0711-2.png
  RENAME: 0869_16.png -> 0869-16.png
  RENAME: 0555_galar_zen.png -> 0555_galar-zen.png
  RENAME: 0869_33.png -> 0869-33.png
  RENAME: 0869_27.png -> 0869-27.png
  RENAME: 0774_red.png -> 0774-red.png
  RENAME: 0487_origin.png -> 0487-origin.png
  RENAME: 0550_white-striped.png -> 0550-white-striped.png
  RENAME: 0669_orange.png -> 0669-orange.png
  RENAME: 0931_white.png -> 0931-white.png
  RENAME: 0889_crowned.png -> 0889-crowned.png
  RENAME: 0892_rapid-strike.png -> 0892-rapid-strike.png
  RENAME: 0676_pharaoh.png -> 0676-pharaoh.png
  RENAME: 0585_summer.png -> 0585-summer.png
  RENAME: 0319_mega.png -> 0319-mega.png
  RENAME: 0493_8.png -> 0493-8.png
  RENAME: 0845_gorging.png -> 0845-gorging.png
  RENAME: 0282_mega.png -> 0282-mega.png
  RENAME: 0869_26.png -> 0869-26.png
  RENAME: 0869_32.png -> 0869-32.png
  RENAME: 0869_24.png -> 0869-24.png
  RENAME: 0869_30.png -> 0869-30.png
  RENAME: 0869_18.png -> 0869-18.png
  RENAME: 0128_paldea_aqua.png -> 0128_paldea-aqua.png
  RENAME: 0381_mega.png -> 0381-mega.png
  RENAME: 0380_mega.png -> 0380-mega.png
  RENAME: 0746_school.png -> 0746-school.png
  RENAME: 0893_dada.png -> 0893-dada.png
  RENAME: 0676_la-reine.png -> 0676-la-reine.png
  RENAME: 0898_shadow.png -> 0898-shadow.png
  RENAME: 0555_zen.png -> 0555-zen.png
  RENAME: 0642_therian.png -> 0642-therian.png
  RENAME: 0720_unbound.png -> 0720-unbound.png
  RENAME: 0869_19.png -> 0869-19.png
  RENAME: 0869_31.png -> 0869-31.png
  RENAME: 0869_25.png -> 0869-25.png
  RENAME: 0869_21.png -> 0869-21.png
  RENAME: 0869_35.png -> 0869-35.png
  RENAME: 0586_autumn.png -> 0586-autumn.png
  RENAME: 1017_hearthflame.png -> 1017-hearthflame.png
  RENAME: 0888_2.png -> 0888-2.png
  RENAME: 0778_1.png -> 0778-1.png
  RENAME: 0025_8.png -> 0025-8.png
  RENAME: 0351_snowy.png -> 0351-snowy.png
  RENAME: 0412_trash.png -> 0412-trash.png
  RENAME: 0025_9.png -> 0025-9.png
  RENAME: 0412_sandy.png -> 0412-sandy.png
  RENAME: 0648_pirouette.png -> 0648-pirouette.png
  RENAME: 0931_blue.png -> 0931-blue.png
  RENAME: 0475_mega.png -> 0475-mega.png
  RENAME: 0869_34.png -> 0869-34.png
  RENAME: 0869_20.png -> 0869-20.png
  RENAME: 0869_36.png -> 0869-36.png
  RENAME: 0869_22.png -> 0869-22.png
  RENAME: 0115_mega.png -> 0115-mega.png
  RENAME: 0373_mega.png -> 0373-mega.png
  RENAME: 0669_blue.png -> 0669-blue.png
  RENAME: 0676_star.png -> 0676-star.png
  RENAME: 0845_gulping.png -> 0845-gulping.png
  RENAME: 0670_orange.png -> 0670-orange.png
  RENAME: 0869_23.png -> 0869-23.png
  RENAME: 0869_37.png -> 0869-37.png
  RENAME: 0741_pom-pom.png -> 0741-pom-pom.png
  RENAME: 0869_50.png -> 0869-50.png
  RENAME: 0869_44.png -> 0869-44.png
  RENAME: 0774_yellow.png -> 0774-yellow.png
  RENAME: 0999_roaming.png -> 0999-roaming.png
  RENAME: 0869_2.png -> 0869-2.png
  RENAME: 0646_white.png -> 0646-white.png
  RENAME: 0201_x.png -> 0201-x.png
  RENAME: 0493_11.png -> 0493-11.png
  RENAME: 0201_o.png -> 0201-o.png
  RENAME: 0666_6.png -> 0666-6.png
  RENAME: 0646_3.png -> 0646-3.png
  RENAME: 0773_15.png -> 0773-15.png
  RENAME: 0006_mega-x.png -> 0006-mega-x.png
  RENAME: 0382_primal.png -> 0382-primal.png
  RENAME: 0006_mega-y.png -> 0006-mega-y.png
  RENAME: 0676_matron.png -> 0676-matron.png
  RENAME: 0308_mega.png -> 0308-mega.png
  RENAME: 0773_14.png -> 0773-14.png
  RENAME: 0931_yellow.png -> 0931-yellow.png
  RENAME: 0201_n.png -> 0201-n.png
  RENAME: 0248_mega.png -> 0248-mega.png
  RENAME: 0666_7.png -> 0666-7.png
  RENAME: 0201_y.png -> 0201-y.png
  RENAME: 0493_10.png -> 0493-10.png
  RENAME: 0869_3.png -> 0869-3.png
  RENAME: 0127_mega.png -> 0127-mega.png
  RENAME: 0869_45.png -> 0869-45.png
  RENAME: 0869_51.png -> 0869-51.png
  RENAME: 0869_47.png -> 0869-47.png
  RENAME: 0869_53.png -> 0869-53.png
  RENAME: 0493_12.png -> 0493-12.png
  RENAME: 0869_1.png -> 0869-1.png
  RENAME: 0666_5.png -> 0666-5.png
  RENAME: 0201_l.png -> 0201-l.png
  RENAME: 0181_mega.png -> 0181-mega.png
  RENAME: 0421_sunshine.png -> 0421-sunshine.png
  RENAME: 0773_16.png -> 0773-16.png
  RENAME: 0479_mow.png -> 0479-mow.png
  RENAME: 0800_ultra.png -> 0800-ultra.png
  RENAME: 0128_paldea_blaze.png -> 0128_paldea-blaze.png
  RENAME: 0773_17.png -> 0773-17.png
  RENAME: 0849_low-key.png -> 0849-low-key.png
  RENAME: 0666_4.png -> 0666-4.png
  RENAME: 0201_m.png -> 0201-m.png
  RENAME: 0303_mega.png -> 0303-mega.png
  RENAME: 0493_13.png -> 0493-13.png
  RENAME: 0302_mega.png -> 0302-mega.png
  RENAME: 0201_z.png -> 0201-z.png
  RENAME: 0671_yellow.png -> 0671-yellow.png
  RENAME: 0869_52.png -> 0869-52.png
  RENAME: 0869_46.png -> 0869-46.png
  RENAME: 0869_42.png -> 0869-42.png
  RENAME: 0869_56.png -> 0869-56.png
  RENAME: 0641_therian.png -> 0641-therian.png
  RENAME: 0718_3.png -> 0718-3.png
  RENAME: 0094_mega.png -> 0094-mega.png
  RENAME: 0386_speed.png -> 0386-speed.png
  RENAME: 0201_i.png -> 0201-i.png
  RENAME: 0260_mega.png -> 0260-mega.png
  RENAME: 0493_17.png -> 0493-17.png
  RENAME: 0869_4.png -> 0869-4.png
  RENAME: 0585_spring.png -> 0585-spring.png
  RENAME: 0386_attack.png -> 0386-attack.png
  RENAME: 0773_13.png -> 0773-13.png
  RENAME: 0718_complete.png -> 0718-complete.png
  RENAME: 0025_3_female.png -> 0025-3_female.png
  RENAME: 1017_4.png -> 1017-4.png
  RENAME: 0229_mega.png -> 0229-mega.png
  RENAME: 0773_8.png -> 0773-8.png
  RENAME: 0130_mega.png -> 0130-mega.png
  RENAME: 0801_original.png -> 0801-original.png
  RENAME: 1017_5.png -> 1017-5.png
  RENAME: 0875_noice.png -> 0875-noice.png
  RENAME: 0964_hero.png -> 0964-hero.png
  RENAME: 0646_4.png -> 0646-4.png
  RENAME: 0773_12.png -> 0773-12.png
  RENAME: 0479_frost.png -> 0479-frost.png
  RENAME: 0869_5.png -> 0869-5.png
  RENAME: 0493_16.png -> 0493-16.png
  RENAME: 0201_h.png -> 0201-h.png
  RENAME: 0413_trash.png -> 0413-trash.png
  RENAME: 0666_1.png -> 0666-1.png
  RENAME: 0413_sandy.png -> 0413-sandy.png
  RENAME: 0869_57.png -> 0869-57.png
  RENAME: 0869_43.png -> 0869-43.png
  RENAME: 0666_19.png -> 0666-19.png
  RENAME: 0869_55.png -> 0869-55.png
  RENAME: 0869_41.png -> 0869-41.png
  RENAME: 0982_three-segment.png -> 0982-three-segment.png
  RENAME: 0666_3.png -> 0666-3.png
  RENAME: 0889_2.png -> 0889-2.png
  RENAME: 0201_j.png -> 0201-j.png
  RENAME: 0869_7.png -> 0869-7.png
  RENAME: 0493_14.png -> 0493-14.png
  RENAME: 0310_1.png -> 0310-1.png
  RENAME: 0773_10.png -> 0773-10.png
  RENAME: 0676_debutante.png -> 0676-debutante.png
  RENAME: 1017_7.png -> 1017-7.png
  RENAME: 0362_mega.png -> 0362-mega.png
  RENAME: 1017_6.png -> 1017-6.png
  RENAME: 0773_11.png -> 0773-11.png
  RENAME: 0585_winter.png -> 0585-winter.png
  RENAME: 0254_mega.png -> 0254-mega.png
  RENAME: 0493_15.png -> 0493-15.png
  RENAME: 0869_6.png -> 0869-6.png
  RENAME: 0666_2.png -> 0666-2.png
  RENAME: 0201_k.png -> 0201-k.png
  RENAME: 0876_1.png -> 0876-1.png
  RENAME: 0869_40.png -> 0869-40.png
  RENAME: 0869_54.png -> 0869-54.png
  RENAME: 0666_18.png -> 0666-18.png
----------------------------------------

[INFO] This was a dry run. Set 'DRY_RUN = False' in the code to apply changes.
